ArtistID,ArtistName
1618,The Manhattans
308,Rozetta Johnson
2809,Lighthouse
1915,Della Humphrey
47,Ronnie Dyson
1515,Ice-T
302,Peabo Bryson 
3731,Cake
1849,Franz Ferdinand
316,Genesis
2840,The Fuzz
3911,Dee Jay And The Runaways
851,Tommy James And The Shondells
89,Frankie Valli
26,Barbara Lynn
691,Kokomo
3194,Larry Graham
840,Jim Croce
331,The Range
740,The Echoes
2861,The Stereos
1757,Wink Martindale
3462,Denise LaSalle
4,Luther Vandross
1146,Jackson Browne
633,Disturbed
3186,John Eddie
0,Andy Williams
1737,Godspell
3689,Somethin' For The People 
218,Clay Walker
177,The Weeknd
34,Tab Hunter
28,Three Days Grace
1470,Ray Price
247,Cliff Richard
3748,Dukays
1288,Go West
113,One Direction
5,The Angels
490,Christopher Cross
3674,Katharine McPhee
386,Rod Stewart
324,The Fray
4293,RuPaul
587,Ozuna
3762,Reina
1921,Spys
1489,Herb
3122,Bobby Hendricks
1,Britney Spears
1841,Rome
196,Big Maybelle
2086,Tanto Metro 
2355,Mo Thugs Family 
3539,His Orchestra
4021,Around The Way
496,Kid Rock
242,Jocelyn Enriquez
772,Ten Years After
51,Steven Tyler
4831,Matt McAndrew
2,Paul Davis
3856,Snap!
456,Jack Wagner
963,Vertical Horizon
4298,Slim 
815,The Cataracs 
318,T.I. 
2297,Mario Vazquez
42,Glee Cast
457,Dan Hill
3,Tammy Wynette
5018,Deja
4892,The Drivers
161,Madonna 
643,Michael Cera 
221,The G-Clefs
600,Angelica
1183,Big Pig
6,Young And Restless
3737,Yael Naim
518,Brandy
3788,Kings Of Leon
4297,Gemini
1957,A Dog
120,G-Eazy 
7,The Everly Brothers
408,B.o.B 
98,Dunn
950,"The 4 Seasons 
1133,The Ronettes 
396,Mr. Big
52,The Reflections
2213,Flatt 
356,The Lady Of Rage
226,Tyler Farr
36,The Monkees
4033,Dionne 
1767,Randy Meisner
672,Chilliwack
131,ScHoolboy Q
94,Rich Homie Quan
624,Cause And Effect
8,Paul Anka
1153,BTS 
2412,Alabama 
888,John Michael Montgomery
187,Maren Morris
2095,Sweetbox
3505,Bardeux
541,Kris Kross 
9,The Olympics
1795,Tony! Toni! Tone!
111,The Crests
10,'Til Tuesday
585,Pure Prairie League
41,Bill Medley 
2045,Samantha Sang
824,Inner Circle
1926,M2M
385,Jaheim
2666,Billy Gibbons
20,Ramrods
2567,Yanou 
925,Bazzi 
332,Bruce Hornsby 
4567,The Pastel Six
233,Carol Douglas
2936,Cassidy
486,O-Town
573,Dave Matthews Band
11,Bobby Moore
1271,B*Witched
334,YG
1936,Larry Lee
12,Jermaine Jackson
280,Johnny Guitar Watson
61,Cat Stevens
291,Denny Reed
44,Celine Dion
1837,Samantha Fox
101,Missy Elliott
1280,Enur 
1176,The Stylistics
1205,Echosmith
370,Fetty Wap
3920,Brian Protheroe
919,The Afters
1095,Anita Baker
13,Chubby Checker
668,So
613,Tammy Cochran
1501,David Guetta
1521,Snoop Dogg
1581,The Highwaymen
63,KC And The Sunshine Band
3323,Billy Dean
1151,Tia
1013,Joni Mitchell
4519,Double Exposure
14,Reel Tight
29,Shaquille O'Neal
180,Love
4765,Spragga Benz
49,Joey Vann
3500,Waylon Jennings 
2010,Zayn 
3451,MFSB 
526,Dave Edmunds
15,Blue Oyster Cult
2017,Lil Dicky
329,Buck 22 
58,Elvis Presley
986,Leona Lewis
1978,Neil Patrick Harris
21,Eddie Hodges
975,The Persuaders
4561,Porter Wagoner
1789,Shawty Lo
3985,M/A/R/R/S
2554,Olly Murs 
1602,Johnny Preston
1233,Dunn With Sheryl Crow 
781,The Foundations
3002,June Carter
1496,Tegan And Sara
16,Curtis Mayfield
85,Sean Paul 
1414,The Champs
17,Dr. John
3142,Sonny James
1138,Too $hort
133,Kevin Gates
393,Miki Howard
138,Green Day
18,The Chi-lites
1702,Steve Arrington
205,Deryl Dodd
19,Outlaws
3350,Mono
578,Cashman 
22,The Fleetwoods
4583,Tony And Joe
2976,Jermaine Dupri
3081,Sevyn Streeter 
341,Simple Plan
57,The Fantastics
3374,Taio Cruz 
1808,Incubus
1323,Lil' Kim
54,Gloriana
1269,The Beaver Brown Band
1121,Roger
4961,C.C.S.
2198,Mad Cobra
23,Jackie Wilson
3849,Margaret Whiting
197,Garland Jeffreys
2115,Tom MacDonald
426,Meghan Trainor
974,Jimmie Allen
3536,Lou Bega
3039,Musique
1234,Shinedown
24,Barbara Mason
2444,Boy Krazy
859,Lil Wayne 
281,Tommy Page
500,Maino 
524,Ben Colder
726,Pitbull
25,Skeeter Davis
2431,Lizzo
4986,Lila McCann
1063,Ronnie Dunn
4676,Jimmy Roselli
3332,The Three G's
1242,Vitamin Z
141,9lokknine
4078,Mickey Gilley
27,Bobby Freeman
71,The Newbeats
1675,Shep And The Limelites
1479,Dean
198,Nena
3089,Leah Andreone
1579,Al Hirt
2033,Nicky Jam
264,James Carr
1903,The Band Perry
30,Martina McBride
635,Brady Seals
1224,Ashley Monroe
451,Mike + The Mechanics
3772,Nate Dogg 
2914,Curtis Stigers
31,Vanity Fare
3587,Geto Boys
4050,The Devotions
53,Sha Na Na
2663,Narvel Felts
4340,Batdorf 
32,Gene Pitney
3729,Killer Mike 
4280,Huey Lewis 
115,Phoenix
33,The Parliaments
3360,For Real
3948,Casey Kelly
152,The Shirelles
3791,Lena Horne
926,Beverly McClellan
2706,Loon 
894,Alice Cooper
2225,T.O.K.
822,Marty Wilde
35,Gene Chandler
4164,Zemya Hamilton
1253,The Soul Searchers
37,Charley Pride
3220,Jinny
45,Mac Davis
4330,Puff Daddy)
260,Ray Stevens
2177,The Nashville Teens
2059,Robert Hazard
38,Chicago
996,Jimmy Dean
2141,P!nk 
3287,Down A.K.A. Kilo
4052,Percy Mayfield
458,Mariah Carey
3541,Kenny Ball and his Jazzmen
93,Goody Goody
976,Playboy Tre
39,Little Willie John
3554,De La Soul
3591,Curiosity Killed The Cat
3909,Placido Domingo 
1752,The Springfields
786,Syl Johnson
3841,LaTocha Scott
59,Van Halen
4912,Etta Jones
1273,Eddie Cochran
40,Jennifer Warnes
267,Cubie
55,The 5th Dimension
3444,Laban
1431,David Cassidy
99,Brooks 
1652,Twista
1277,Spyro Gyra
43,Luther Ingram
1931,The Black Eyed Peas
2180,Hank Ballard And The Midnighters
46,The Drifters
1606,Savage Garden
3475,Chambers Brothers
1754,Larry Finnegan
1838,Joe Public
499,T-Pain
454,Tony Sunshine 
581,Toby Keith
48,Chuck Jackson
2819,Kenny Nolan
1825,Peoples Choice
1735,Isyss 
272,Shalamar
1094,Marcie Blane
50,The Duprees 
2004,Mitchell Tenpenny
502,The Firm
360,Maggie Bell
868,AJR
170,Yo Gotti
1428,OMI
625,Real McCoy
3483,The Dillman Band
4894,Ellen Foley
56,The Intruders
399,John Davis And The Monster Orchestra
4306,Hawkshaw Hawkins
60,Dean Martin
1845,Shannon
1434,Addrisi Brothers
480,Changing Faces (
1105,Panic! At The Disco
2306,The Three Degrees
337,"Evelyn ""Champagne"" King"
3249,Amii Stewart
606,Shelby Flint
985,Melissa Manchester
255,Change
3042,Spacehog
1593,George Jones 
284,Coldplay
62,Roy Orbison
64,All-4-One
673,John Stewart
960,matchbox twenty
3468,Yvonne Elliman
317,George Hamilton IV
648,Harpers Bizarre
3583,DJ Luke Nasty
2383,KC
65,The Kingpins
126,Paul Hardcastle
2883,Boys Don't Cry
1488,Fun Factory
555,Firefall
2864,Frank Ifield
1529,Pockets
66,King Curtis 
4840,Ugly God
1891,Rex Allen
1193,Q-Tip
67,Michael Bolton
1392,Real Life
773,Sylvia
68,Otis Redding
1624,Fiona Apple
3127,Lee Hazlewood
1472,The Beau-Marks
725,Crazy Frog
918,Shakira
405,Jennifer Lopez
3552,KRS-One
1810,Redman
69,The Reddings
3747,John Forte
4489,Barry Mann
1187,The Script
70,Aretha Franklin
492,Firehouse
1110,The Fantastic Johnny C
72,The Ronettes
403,Rick Astley
889,Cissy Houston
3907,Scritti Politti
622,John Denver
1671,Shaun Cassidy
1492,Indigo Girls
182,Neneh Cherry
73,Don Fardon
610,Rene
1126,Blink-182
1762,Kendrick Lamar
4739,DJ ESCO 
74,Bee Gees
75,Lawrence Welk And His Orchestra
591,Jennifer Hudson
2208,Silver Convention
402,Fanny
2189,The Crazy World Of Arthur Brown
2981,Bill Deal 
649,Debbie Gibson
988,The Starlets
1851,Brook Benton
3047,Zager 
76,Dionne Warwick
1072,Tanya Tucker
376,Marv Johnson
1337,Shakira 
3929,Junior M.A.F.I.A.
77,Dorsey Burnette
1706,Nigel Olsson
1124,Joey Galaxy
2540,Nancy Ames
348,Jennifer Lopez 
78,Perry Como
1208,Tiny Tim
933,Patti Smith Group
4267,Blueface 
79,Lou Johnson
972,H.E.R.
4322,Rockwell
1445,Jose Feliciano
2153,Planet Soul 
4065,Austin Roberts
80,Darlene Love
945,Hughes/Thrall
81,Pat Boone
546,The Kid LAROI
893,The Meters
82,Ral Donner
1893,Le Click 
531,Kristin Chenoweth
2941,Gamma
2813,All Saints
1355,The Astors
83,Naked Eyes
84,Keyshia Cole
771,Barbara Lewis
4717,Vaughan Brothers
1260,Crazy Town
675,The Duprees
493,Suzi Quatro
121,James Blunt
86,The Kinks
2969,Anastacia
1665,Raheem DeVaughn
168,Wiz Khalifa 
87,Joe Simon
3442,Troy Newman
322,David Bowie
4470,The SNS Express
366,Prelude
946,The New Seekers
1039,Los Bravos
88,The McCoys
90,Mitch Ryder
4747,Ultimate
902,The Bangles
238,The Weeknd 
91,Nicki Minaj Or Chimamanda Ngozi Adichie
2757,Adam Gontier
4158,Jimmy Durante
2062,The Tremeloes
92,Beyonce 
1802,The Neptunes
4557,The Ataris
465,Barbra Streisand
4529,Cheryl Pepsii Riley
95,Fetty Wap 
4337,D Train
965,Lulu
2336,Foxy
1880,Festival
259,Rickie Lee Jones
96,Lil Dicky 
4271,Johnny Gill)
1007,Claude King
1842,Anthony Newley
923,The New Seekers 
97,Amerie
421,Krewella
1468,The Gentrys
2771,Angelina
100,Luke Combs 
3931,Another Bad Creation
1250,Plies 
102,Ciara 
3264,Penny Mclean
3663,White Plains
3890,The Marathons
1388,Ian Van Dahl 
3301,Kaskade 
103,Coolio
119,Yo Gotti 
1347,Larray
114,Dan + Shay
104,Beyonce
799,Saraya
142,YNW Melly 
2220,The Sylvers
1776,Jim Backus 
105,Johnny Bond
3317,Andrea Martin
1892,Kayo
3145,The Time
304,Raydio
106,Mac Miller
1794,Gravediggaz
288,Joe Tex
4542,Susan Jacks)
107,Five For Fighting
2207,Bill
108,Nancy Sinatra
292,Anita Bryant
1009,Warrant
1619,Radiohead
109,Drake
3112,Deborah Cox
354,Ed Sheeran
4313,JC Chasez 
2051,Lionel Richie
216,Ringo Starr
110,The Game 
602,The Jeff Healey Band
4496,Cali Swag District
1982,The First Class
614,David Archuleta
1402,The Johnny Average Band 
3121,Francesca Battistelli
646,Miami Sound Machine
401,Lutricia McNeal
1736,The Wackers
2021,Uriah Heep
2049,The Four Lads
3345,Jonathan Butler
1474,Jidenna 
655,Davie Allan
3937,Ronnie Milsap
112,Skid Row
3534,Doucette
5005,Village People
1766,Duane Eddy
3098,The Ebonys
3702,Howard Tate
3766,Cheat Codes 
116,Tom Northcott
1684,"Jimmy ""Bo"" Horne"
2289,Clarence Reid
276,Tavares
3727,Zara Larsson 
1748,George Baker Selection
2693,Disciples
117,Meek Mill
4750,The Cuff Links
2214,Mary Travers
4817,Lou Reed
1212,Lil Rob
132,Tinashe 
350,Tommy James
118,YBN Nahmir
3196,Lou Gramm
816,New Boyz 
2227,The Cleftones
1067,Ty Dolla $ign
122,Spirit
430,Eric Carmen
278,Dakota Moon
2248,Peter Cetera 
1695,The Mojo Men
237,Max B
683,Sammy Davis Jr.
123,Bowling For Soup
2164,Xscape
2103,Carlos Santana 
124,Jason Aldean
2626,Toni Braxton 
125,Prince
1701,Gino Soccio
127,Bone Thugs-N-Harmony
742,Tracy Chapman
1219,Ol' Dirty Bastard
1100,Usher 
128,Trey Songz
711,Bread
4089,Timex Social Club
1195,Mase 
129,Marques Houston 
130,Yung Joc 
557,Jason Michael Carroll
413,Cowboy Copas
4794,Crystal Bowersox
2377,The Bar-Kays
134,T.I.
2461,Ol' Dirty Bastard 
1617,Seal
1516,Amber
135,Trey Songz 
439,Monica
312,Archie Bell 
4447,Tommy McLain
342,Sarah McLachlan
136,Unk
307,Alicia Keys
137,Lil Tjay
885,The Georgia Satellites
157,Fabolous
724,Nappy Roots
2587,Jerry Keller
3494,Shawn Mullins
1478,Rodney Atkins
3724,Limahl
139,Polo G
1713,Mick Jagger
1247,Mobb Deep 
2363,Crazy Elephant
759,Mother's Finest
1311,Peabo Bryson
4834,Dae Dae
468,Gretchen Wilson
2527,4
140,Willow
2724,Pozo Seco Singers
1156,Friends
143,2 Chainz
4527,Dido
3344,EMF
321,Miranda Cosgrove
144,TeeFLii 
3328,Shabba Ranks
145,Bruno Mars
3949,The Royaltones
1129,Chong
1012,Teddy Randazzo
506,Mott The Hoople
1274,Quad City DJ's
1204,Nas 
3192,Bertie Higgins
300,Procol Harum
2879,Axe
146,The Wilkinsons
4626,Darrow Fletcher
147,The KLF
148,Young Thug
2356,T-Boz
484,Devin Dawson
2495,The Script 
1592,Charlie Daniels
4570,The Rollers
1365,Johnny
3082,Mac McAnally
4711,Aretha Franklin 
362,Koffee Brown
4482,C.L. Smooth
1426,Slim Thug
149,Gunna 
2278,Anne-Marie
3256,Carlos Vives 
418,Neil Sedaka
2346,Roger Voudouris
3234,Matisyahu
2630,The Delacardos
4631,Josh Groban
150,Nu Flavor
1046,Will Smith 
498,Ace Of Base
905,A Boogie Wit da Hoodie 
151,Future
4198,The Cults
931,Chris Montez
3105,Randy Newman
3140,Street People
1742,Duice
580,Madonna
153,Alana Davis
1010,Bjork
353,Rick Springfield
154,Grand Puba
843,Mr. ColliPark
4740,King Von
1968,The Quin-Tones
155,The Tijuana Brass
2712,San Remo Golden Strings
768,Jefferson
1872,Madison Avenue
3733,Dennis Lloyd
156,Herb Alpert 
1731,Prince Royce
1934,Gloria Lynne
693,Neon Hitch
3606,Carl Mann
812,Pardison Fontaine 
158,Lil' Mo 
159,Timbaland
375,YoungBoy Never Broke Again
160,Justin Timberlake 
2672,Larry Elgart And His Manhattan Swing Orchestra
162,The Pixies Three
435,Chance The Rapper 
358,Merry Clayton
163,Lil Uzi Vert
2602,Filter
775,Sam Cooke
450,The Pointer Sisters
3560,Zapp 
164,The Byrds
263,Boston
547,Bryson Tiller
165,Brownstone
2080,Hunter Hayes 
166,Nonchalant
511,Cyndi Lauper
2700,Kiki Dee
827,Daniel Powter
1904,Pearl
1175,Cynthia
223,The Young Rascals
178,Sneaker Pimps
619,His Guitar
1114,Cypress Hill
2579,Frankie Ballard
4465,Passion Pit
4185,The Contours
804,Bebe Rexha 
167,Lily Allen
2290,Dorothy Moore
615,Tim McGraw
1862,Jimi Hendrix
382,Ja Rule
169,T-Pain 
4726,J-Kwon
171,Travis Scott
4896,All Star Tribute
1342,B.T. Express
172,Paul Simon
2136,The Premiers
373,Michel Telo
1215,The Adventures
301,Regina Belle
4960,B Rich
409,Hudson and Landry
427,Sister Sledge
3774,Wonder Girls
173,Train
4160,Shades
297,Bananarama
722,A Tribe Called Quest
536,The Association
497,The Rock Heroes
2181,Wild Blue
2638,Jess Glynne
1503,Joe Budden 
174,Bobby Bare
1358,Minor Detail
4245,The Belle Stars
175,Hooters
1005,The Browns
3255,Beth Hart
2357,Da Brat 
907,Sean Kingston 
955,Romeo Santos 
475,Faith Evans 
176,Bruce Springsteen
2607,Boots Randolph
3228,Barbara Fairchild
179,Remy Boyz
1979,Gary Wright
181,Craig David
183,Youssou N'Dour 
3160,Public Announcement 
3159,LeLe
4971,British Lions
4074,Stacy Earl (
4804,Elvis Costello
184,Lukas Graham
1877,KIX
2637,Hootie 
481,Bobby Caldwell
2523,The Hives
3134,Famous Dex
222,Romeo Void
731,Megan Thee Stallion
4713,Chi Coltrane
1660,Johnny Nash
1631,Lee Ritenour
185,Prince And The New Power Generation
1380,Frank Stallone
3480,Melissa Manchester 
186,Blaque
3314,The Rings
395,Diana King
4441,Noel Harrison
3787,NB Ridaz 
1003,Joe Henderson
4391,Wa Wa Nee
188,Rich
189,Big 
3478,The Blue Jays
190,Sugarhill Gang
191,Kimberley Locke
4434,The Ides Of March
854,Jefferson Airplane
4013,The Blue Diamonds
192,Dolly Parton
4368,4 The Cause
230,Art Garfunkel
1461,Bob Welch
193,Mary J. Blige
194,Wyclef Jean 
199,The O'Jays
195,Souls Of Mischief
338,Nadine Sutherland
3290,DJ Snake 
654,112 
533,Lasgo
4367,The Fabulous Thunderbirds
1582,Young The Giant
1130,Cheech 
200,Toto
1378,Gary Numan
201,Hurricane Chris
3299,Imani Coppola
1848,Degrees Of Motion
1444,Project Pat
830,The Shadows Of Knight
1896,Jack White
202,The Rascals
2827,Reel 2 Real 
203,Cher
2268,Ultra Nate
249,Freddie And The Dreamers
505,Calloway
228,Garfunkel
204,Sonny 
445,Somethin' For The People
1866,Bobby Pinson
436,Nicki Minaj
262,Ty Herndon
4023,Jeff Foxworthy
3408,Annette
206,Johnny Cash
368,Crash Test Dummies
1824,Jon 
207,Frankie Avalon
2390,Donny Hathaway
1170,Paul Wall 
444,Troop
208,Dusty Springfield
3302,Passenger
275,Jethro Tull
561,Barbara Acklin
5022,Sugar Bears
1698,Chic
209,Warren Zevon
449,The Moments
210,Johnny Mathis
2960,The Chimes
3100,X-Ecutioners
1001,Buck Owens and The Buckaroos
863,Danger Danger
912,Johnny And The Hurricanes
211,Pete Fountain
4531,Mannie Fresh 
3245,Brandon
212,Walter Jackson
1780,Adam Ant
213,Lisette Melendez
283,Lobo
3657,Erick Sermon 
1679,Agust D
282,Petula Clark
1319,Kylie Minogue
214,George Michael
4475,Hozier
215,The Limeliters
559,Freddie Scott
217,Todd Rundgren
2531,Gonzalez
4061,Rockin' Rebels
3686,Donny Osmond
219,Tony Carey
258,Loggins 
220,Bob Dylan
821,Bad Boy's Da Band
3797,TK Kravitz 
1967,Ronald Isley
224,The Chordettes
440,Jeremih
225,The Mindbenders
266,P!nk
1763,Nipsey Hussle 
3396,Smokie
808,Montgomery Gentry
1856,Kane Roberts
509,Yankee Grey
2632,A Great Big World 
1455,Mac And Katie Kissoon
227,Blake Shelton
1272,Greg Lake
229,Simon 
231,America
2108,Chase Rice
1853,Thompson Twins
232,Dale Hawkins
4190,Henry Gross
1085,Bobby Vinton
234,Alejandro Sanz
1367,Enya
1065,Tony Orlando
235,Jimmy Clanton
459,Michael Buble
1633,Dee Clark
236,The Four Preps
2358,Cham 
3288,Club Nouveau
754,The Independents
1041,Little Mix
658,Rhinoceros
2480,Kebo Gotti
239,French Montana 
253,Carla Thomas
240,Joe Walsh
246,Jimmie Rodgers
4742,Natalie Imbruglia
241,King Harvest
609,The Allman Brothers Band
2270,The Easybeats
2867,The Five Americans
243,Ronnie Dove
3327,Rupert Holmes
244,Sara Evans
3036,Sagittarius
482,Diana Ross
1346,The Marshall Tucker Band
1321,Tamia
245,Wanda Jackson
1361,E-40
4701,Eddie Holman
4424,Shawn Colvin
503,Whitney Houston
357,Sam Salter
778,Seals 
1836,Five Flights Up
575,Estelle 
3202,Steve Aoki 
248,Erasure
250,Kenny Chesney
1991,Tracy Byrd
2126,Carr
464,Toad The Wet Sprocket
764,Pinkfong
251,21 Savage
2856,Doug Stone
634,Jack White 
1217,lovelytheband
3531,Dick Feller
252,Sheila E.
2643,Jamie Walters
3538,Ginger Baker's Air Force
254,The Toys
256,Clyde McPhatter
1370,Natalie Merchant
590,The Esquires
257,Messina
3339,Bob Luman
4708,Wanz
1672,Freak Nasty
261,Wilson Pickett
2262,Bar-Kays
2339,Brooklyn Bounce
2107,Charles Wright And The Watts 103rd Street Rhythm Band
1020,Peggy Scott-Adams
344,Harry Styles
715,Michael Sembello
1865,Magazine 60
3156,The First National Band
265,Billy Joel
1687,Terence Trent D'Arby
268,Five Stairsteps 
2065,Tony Terry
4192,O.A.R.
269,Kelly Clarkson
2972,Troye Sivan
969,BIA
1381,DJ Suede The Remix God
4027,Fort Minor 
270,The Whispers
419,Avril Lavigne
333,Various Artists
995,Herb Alpert
2887,Luke
924,Camila Cabello
271,Joe Diffie
273,The Tabulations
1037,Outkast
2443,Niko Moon
274,Brenda 
628,Michael Jackson
3933,Charles Brown
4634,Mark Valentino
277,Little Anthony And The Imperials
2490,The Virtues
1996,Eddie Rabbitt
4820,Rich Homie Quan 
279,Jessica Simpson
1550,Mel Torme
461,J. Cole
1568,k.d. lang
320,Brooke Hogan 
2841,Bull Moose Jackson
285,The Trumpeteers
2491,Mindy McCready
286,Jeremy
287,Chad 
3678,3OH!3 
365,Stevie Nicks
5019,Liner
1243,Vandenberg
961,Kellie Pickler
1942,Jade
289,The Arbors
310,Peter And Gordon
3025,Graham Nash 
4964,Nine
853,Autry Inman
328,Billy Ray Cyrus
434,John Legend
3796,Jacqueez
290,Tony Bennett
2076,The Chainsmokers
1048,Johnny Wakelin 
3435,King
293,The Seeds
1999,Republica
294,Steve Kazee
295,Christina Perri 
347,Ricky Martin
3003,Johnny Cash 
296,Christina Perri
298,Charlie Rich
572,Linda Laurie
584,Steve Alaimo
3387,Joni James
1814,Rock And Hyde
299,Duran Duran
952,Staind
1782,Tyga 
1197,Faith Hill
2362,The Pipkins
303,Lee Brice
2340,Cut 'N' Move
305,Ray Parker Jr. 
336,Chocolate Milk
462,Miguel 
306,Alan Jackson
1509,Donna Summer
309,The Seekers
3975,Iyaz 
2205,Blackfoot
1353,Golden Earring
2559,Psychedelic Furs
311,The Drells
1285,Debby Boone
3014,Chris Thompson 
313,Moby
2975,Brownsville Station
2618,Tommy Facenda
1148,A*Teens
4691,The Greatest Showman Ensemble
314,A$AP Rocky 
1320,Lil Suzy
2194,Morris Day
315,Aaron Carter
935,Kelly Dodson
1449,J. Davi$ 
2497,Hurricane Chris 
483,Julio Iglesias 
494,John Travolta
1119,The Fresh Prince
1454,Banzaii
3037,Laissez Faire
3102,Tom Petty
2816,Lil Skies 
319,Paul Wall
2656,Shooting Star
3185,Nelly Furtado
2031,Joe Cocker
861,T. Rex
2903,Liquid Smoke
1092,Fifth Harmony
710,Charlie Puth
4092,Sad Cafe
323,Nine Days
2957,Rubicon
325,Karmin
326,LL Cool J
470,Electric Boys
2774,Mario Winans 
2687,Men Of Vizion
327,Brad Paisley 
394,Chaka Khan
665,Pacific Gas And Electric
330,Survivor
4494,DJ SPINKING
383,Paramore
3379,Frankie Lymon
4413,Robin Schulz 
934,Jo Dee Messina
335,Jeezy 
1768,Third Eye Blind
429,Young Rome
3641,Henry Mancini
339,Terror Fabulous 
1143,The Fireballs
800,The Juniors
340,Popp Hunna
1588,Climax Blues Band
3335,Tha Dogg Pound 
343,Jim Reeves
390,Cage The Elephant
1420,Ernie Fields 
3662,The Righteous Brothers
345,Miley Cyrus
2314,Jack Scott
680,Adam Wade
4381,Eternal
574,Kanye West
747,Karla Bonoff
346,Miguel
1609,Buckcherry
2462,The Sapphires
3572,Desiigner
2459,Keri Hilson
349,Wisin 
3073,Tyler Collins
2762,Uncle Sam
2043,Barry Ryan
2326,DJ Snake
431,112
1106,Al Caiola And His Orchestra
3024,David Crosby
351,Daryl Hall John Oates
352,System Of A Down
4044,Hawks
5024,Walker Hayes
355,Weezer
359,Al Jarreau
1905,Carl Butler 
3810,YoungBloodZ
1229,Smif-N-Wessun
410,Emilio Pericoli
361,Don Toliver
3476,Cochise
3878,Kelly Osbourne
784,matchbox 20
363,Journey
3893,Andre Williams
3409,Glenn Medeiros
364,Roger Daltrey
913,Luke Combs
2615,Evelyn Thomas
504,Tamar Braxton
367,Starland Vocal Band
1463,Paul Revere 
369,Jewel
789,The Buckinghams
371,Phil Collins
1107,Billy Grammer
372,Aaliyah
793,Linda Ronstadt
1356,Lea Michele
374,TLC
3059,Chad Kroeger
1261,Danyel Gerard
377,The Ribbons
4264,Tasmin Archer
378,The Five Stairsteps
3779,Joe Stampley
994,Panjabi MC 
1873,Sugarloaf/Jerry Corbetta
474,Puff Daddy
817,Migos 
1907,B.o.B
379,Brick
433,Future 
3635,Ya Kid K
380,Nina Simone
1616,Gnarls Barkley
1523,Redbone
1301,NLE Choppa
2293,Burl Ives
604,The Turnabouts
3401,Adam Levine
381,Major Lance
3765,Demi Lovato
542,Deodato
522,Lin-Manuel Miranda 
3015,The Lox
4319,Platinum Blonde
1305,The Turtles
415,Brad Paisley
4009,Greta Svabo Bech
384,Mary Wells
3784,Mark Ronson 
3846,Beau Brummels
3903,Alexandra
1895,Chanson
3347,Climax 
3502,K Camp
966,Travis Tritt
387,Zara Larsson
791,Ahmad
1371,James Taylor
1237,B. Bumble 
388,Christina Aguilera
2709,Tommy Hunt
2662,George McCrae
4351,Darryl Worley
1826,DLOW
389,Rappin' 4-Tay
1157,Pistol Annies 
391,Kane Brown
3833,The Romantics
1955,Charlie Puth 
466,Fifth Harmony 
3559,Johnnie Morisette
1172,Iyaz
392,Bill Withers
4755,The Pasadenas
397,The 4 Seasons
1727,Sundance Head
398,Cheap Trick
400,The Searchers
404,Cole Swindell
411,Grateful Dead
763,The Shells
406,Albert Hammond
1577,Ray Peterson
1284,The Rivieras
1330,Stephen Stills
407,Hayley Williams
795,The Babys
412,Jerry Reed
758,Detroit Emeralds
414,Bobby Curtola
956,Al Green
2200,Molly Hatchet
416,Cilla Black
417,Tracy Lawrence
420,Atlanta Rhythm Section
876,Akon
422,P.O.D.
2733,Donnie Elbert
4703,Little Caesar and The Romans
423,Sia
4390,Carolyne Mas
2034,Bimbo Jet
558,Billy Paul
2335,Cassidy 
4176,MFSB
992,Zayn
3496,Lena Zavaroni
667,Waylon Jennings
1405,Herbie Hancock
1629,The Orlons
1557,Spandau Ballet
2595,Eve 6
424,Color Me Badd
978,D4L
425,Hoodie Allen 
1154,SaFire
566,Lonestar
3885,K5
4514,The Tornadoes
1730,The Knockouts
428,Lisa Stansfield
882,Guy Sebastian
432,Allure 
437,Chris Brown 
953,Daddy Yankee
702,Better Than Ezra
1680,Danity Kane
438,Meek Mill 
3509,Rivers Cuomo
441,Five Star
915,INXS
3447,Taja Sevelle
2429,James Booker
4857,Yolanda Be Cool 
1822,Arctic Monkeys
2534,Ella Washington
3530,Floyd Robinson
1383,Megan Thee Stallion 
442,The Crystals
3915,Famous Dex 
443,Adele
446,Chuck Wicks
447,Rod Wave
3623,Jim Ed Brown
448,Backstreet Boys
452,Bette Midler
453,Armageddon
455,Fat Joe 
869,Sirah
1494,Mat Kearney
460,Carly Simon
3959,Huey
463,Howard Jones
4020,Ivan
4929,Roberta Flack 
467,Maxine Brown
2061,Cascada
733,Mumford 
469,Miranda Lambert
706,Billy Vera 
4636,Big Sambo and The House Wreckers
973,Daniel Caesar 
471,Foo Fighters
653,Lil'z
871,Jan And Kjeld
4776,Joe Cooley
472,Aaron Neville)
2715,Re-flex
473,Linda Ronstadt (
4478,Eva Simons
1008,Roddy Ricch
1435,John Rowles
476,Laura Branigan
3619,Ingrid Andress
2233,Teddy Geiger
1935,The Beau Brummels
4069,Ayo 
477,Keith Sweat
478,Entouch 
3294,Flipp Dinero
2617,Jerry Lee Lewis And His Pumping Piano
479,Jay-Z)
520,Mary Chapin Carpenter
485,Milli Vanilli
2753,3LW 
4555,The Bucketheads
1898,The Communards
2166,Utopia
1960,Ansil Collins
2571,Bellamy Brothers
4536,Trade Martin
487,Theory Of A Deadman
1920,Eddie Floyd
488,Air Supply
3104,Don McLean
4833,Default
998,Kodak Black 
489,Lea Roberts
617,Nickelback
2157,Fat Joe
491,Donny Most
3543,B
495,Hit Masters
922,Eve Graham
3182,Nino 
4490,Fiona
1450,Rob $tone 
501,The Hollywood Stars
3325,Philadelphia International All Stars
2083,YFN Lucci 
2789,Sly Stone
3236,BLACKPINK
2023,Iron Butterfly
512,Rough Trade
5049,Josh Groban 
4454,Nu Flavor 
1661,Johnny Rivers
507,The Uniques
508,Dan Peek
510,Glenn Frey
4979,Skylark
1728,Paul Davis Feat. Susan Collins
513,Phoebe Ryan
1097,Tony Bennett 
514,The Chainsmokers 
631,Toni Braxton
2471,John Legend 
761,The Flying Machine
3181,The Ebb Tides
5004,Metro Boomin 
1613,Dwight Yoakam
4372,Shifty Shellshock
2040,Anuel AA 
4928,Terry Ellis
4808,Rachel Sweet
515,Michelle Branch
2082,Yvette Michele
3847,Bandit
516,RTZ
909,Scandal 
652,Jaheim 
3114,Big Punisher 
517,Heart
2410,"Mary Mary 
776,The Equals
2369,The O'Kaysions
3129,Newcleus
3488,Camp Lo
519,Craig Morgan
3308,The Hombres
521,Artists For Puerto Rico
4231,Frozen Ghost
844,Mike Jones 
523,Sheena Easton
737,Eighth Wonder
611,Rene 
2241,Jerry Butler and The Impressions
1852,The Watts 103rd Street Rhythm Band
1608,Naughty By Nature
525,David Houston
782,Lonnie Mack
527,Gilbert O'Sullivan
4544,Jimmy Charles
565,Waylon
3940,The Kinleys
1569,Kenny Loggins
528,Dokken
3946,Hugh Laurie
4212,Spiral Starecase 
2889,Hunter Hayes
3688,Tamara
891,Relient K
4607,Jesse Lee Turner
529,Jake Owen
1922,Kelly Clarkson 
1178,Del Shannon
3801,Jody Watley
530,Tevin Campbell
532,Glee Cast 
1988,Tory Lanez
1699,Marty Kristian
534,Marshmello
818,Wale
535,The Coasters
1350,The White Tie Affair
537,Parmalee
839,XXXTENTACION 
4572,Jump 'n The Saddle
538,Eagles
539,Jamiroquai
3253,Crime Mob 
4684,Ayah Marar
2950,Howard Hewett
3240,Morgan Evans
883,Lupe Fiasco 
4962,Tag Team
540,Supercat
2517,Hog Heaven
3664,QT
3063,Clay Aiken
834,The Critters
2965,The Gregg Allman Band
1626,Joan Jett 
1014,Chris Lane
2548,Sunshine Anderson
4281,Southwest F.O.B.
543,Fantastic Four
1160,Steve Holy
544,Heatwave
4005,Leon 
545,Whistle
659,Lou Christie
1432,Skip And Flip
548,Los Indios Tabajaras
3932,Shot In The Dark
1708,Crown Heights Affair
1654,Pitbull 
2122,Marmalade
549,Pet Shop Boys
4643,Billy Graves
1912,Stacey Q
1801,The Illusion
550,SWV
3795,The Beatles
1401,Nikki Wills
551,Willie Nelson
674,Lupe Fiasco
2928,Andy Griggs
1843,Death Cab For Cutie
3980,Meja
552,R.B. Greaves
1819,Paperboy
837,Trippie Redd
553,Gloria Estefan
1070,Tori Amos
2586,Gene Autry
4422,Empress Of
4307,Damien
554,Atlantic Starr
1749,Grapefruit
983,Citizen King
4814,The DEY
556,Sammy Turner
4417,Y
560,Debbie Reynolds
1263,Chris Janson
4125,Rebecca Black 
3052,Dire Straits
562,Love Spit Love
1945,Dickey Lee
563,Vinz
755,Bow Wow
2064,Rob Thomas
2371,Bow Wow 
2321,Disco Tex 
595,Babyface
3596,Everything But The Girl
564,Nico 
567,Amazing Rhythm Aces
3891,Lenny White
930,Stevie B
2493,Hotel
1166,The String-A-Longs
568,Judy Collins
4144,Lustra
569,The Pipes And Drums And The Military Band Of The Royal Scots Dragoon Guards
2178,Andy Grammer
4988,Fantasia 
697,Juice WRLD
796,Gucci Mane 
570,Rick Ross
3877,General Larry Platt
571,Wale 
1997,Foghat
4462,Arthur Lyman
576,Phil Vassar
2439,Jagged Edge
780,Jude Cole
637,Percy Sledge
577,West
4783,Vito 
1987,Uncle Kracker 
942,Gene Cotton
579,Bonnie McKee
582,Prince And The Revolution
583,Yes
3910,Roddy Ricch 
5055,Vic Damone
4028,The Earls
586,"""Weird Al"" Yankovic"
1831,King Curtis
588,Ben E. King
589,Mickey Newbury
592,Esther Phillips
1623,Bobby Sherman
593,Ciara
594,Della Reese
1740,Vicki Sue Robinson
967,The Emotions
3637,Elliott Yamin
855,Nate Dogg
596,Talking Heads
607,Tommy Tutone
597,The Cherry People
3831,The Tide
598,Mark Lindsay
599,Dion
601,Love And Theft
806,Big Sean
2732,Nick Lachey
1586,Charlie Worsham
1821,Taylor Hicks
741,Sean Paul
603,Hot
2990,The Bell Notes
2686,Fabian
1705,Faith Band
3550,Kissing The Pink
605,Merrilee Rush 
708,OutKast
608,The Badlees
753,Deborah Allen
612,Natasha Bedingfield
616,Martin Garrix
618,Daniel Boone
4472,Cash Cash 
1847,Peter Mccann
3013,Mint Condition
620,Jorgen Ingmann 
932,The Cover Girls
2277,Feather
621,The Kingsmen
623,The Caslons
666,Trini Lopez
3696,Khia 
1647,Casey James
814,Dev
937,Antoine Dodson 
3022,Belouis Some
4950,The Woolies
626,The Hollies
4856,Dcup
627,The Doobie Brothers
4084,Bryan Guy Adams
762,Fantasia
1202,Linda Clifford
2128,Trevor Daniel
629,Barenaked Ladies
630,Chris Brown
3454,Natasha Bedingfield 
3443,Damage
632,Shawn Christopher
3393,Living In A Box
636,Ed Sheeran 
638,Liverpool Five
4871,Anne Murray
639,The Dave Clark Five
1769,April Stevens
2886,Tony Thompson
640,Young Thug 
1118,Vengaboys
641,Irene Cara
1425,Queen Pen 
642,Ellen Page
2011,Sweet Sensation
1052,Breathe Carolina
2784,Bryan Adams
3848,Michelle Chamuel
3363,Kelly Rowland 
644,Collin Raye
3275,J. Frank Wilson and The Cavaliers
645,Mitch Malloy
1790,Jerry Wallace
1943,Robert Tepper
647,Gloria Estefan 
3403,Soulja Boy Tell'em
1761,Bay City Rollers
1136,Duane Eddy and the Rebelettes
650,3T
2163,Childish Gambino
721,Letters To Cleo
4595,Ivo Robic
651,Next
857,Lil Wayne
656,The Arrows 
657,Ed Ames
727,Tyga
1357,The Breeders
4097,Ronny Douglas
660,Hot Chocolate
661,Jet
1128,Sam 
696,Masked Wolf
1265,Yung Joc
699,Wild Orchid
662,Thompson Square
2510,Billy Lawrence
663,Jimmy Ray
879,Dickie Goodman
664,Sandy Posey
1648,Lynn Anderson
2573,Trace Adkins
4616,Mike Douglas
669,Gunna
1220,Angie Stone
670,Dean Friedman
944,Buck Owens
671,First Choice
2123,Lil Peep 
676,Daft Punk
769,Glenn Yarbrough
677,ZZ Top
3741,Rusty Draper
3125,RiceGum 
1823,Robin And The In Crowd
678,Bobby Darin
864,David Sanborn
4895,JAY-Z
1376,XXXTentacion
846,Tiara Thomas Or Rihanna
679,Sophie B. Hawkins
3465,Michael Jackson 
681,Candi Staton
682,Expose
5075,Mable John
689,Maxwell
1475,Mason Williams
2631,FUTURISTIC
3368,Teicher
3629,Philly Cream
684,Fleetwood Mac
1411,The Dubs
4819,Problem
4690,Dream
841,XXXTENTACION
1793,Chris Rea
685,Zac Brown Band 
4464,J'Son
686,Mashmakhan
3093,The Tymes
687,Nilsson
688,Shirley Murdock
809,Mel And Tim
2665,David Hudson
838,PnB Rock 
1630,PnB Rock
690,Rodney Crowell
692,Millie Jackson
770,Gerald Levert
2988,George 
3800,The Beatnuts 
3338,Latimore
694,Gym Class Heroes 
3631,Bonnie
813,Granger Smith
1469,Derek
695,Nektar
2606,Foster Sylvers
3817,Trick Pony
1111,Kathy Dalton
698,T-Connection
1861,Donnie Brooks
3424,Russ
2592,Bonnie Tyler
2605,Joey Dee 
700,Janis Ian
701,Johnny Caswell
703,The Formations
3356,gnash
2653,Lil Nas X
704,The Beaters
2494,will.i.am
825,Barrington Levy
705,Billy 
3309,American Flyer
4015,Paul Engeman)
4287,Blue Haze
1859,Baby Bash
2414,for KING 
1637,Ginuwine
4883,Kane Brown 
707,Donovan
3106,DJ Fred
2379,Garrett Hedlund 
2561,Whitney Houston Feat. Faith Evans 
709,Stacy Lattisaw
1755,The 5 Stairsteps
712,Kenny G
831,Eric Clapton
1116,The Outhere Brothers
3577,M83.
4000,Hit-Boy
1511,Crossfade
1117,Charli XCX
713,Arthur Conley
1334,Kelly Rowland
895,La Bouche
1312,Rufus Thomas
714,Kraftwerk
4598,Georgia Gibbs
1251,The Busters
1238,R. Kelly
1132,Veronica
716,Bobby Goldsboro
1668,Peter Murphy
717,Andy Pratt
1587,H.E.R. 
3767,Icehouse
3086,True Image
2404,Lindsey Buckingham
2018,The Essex
718,Chris Young
4658,Killer Mike
997,London On Da Track
1777,Larry Gatlin
887,Lil Pump 
4722,Inoj
802,N2Deep
1079,The Browns 
719,Jimmy Reed
3320,Shirley 
1218,Robbie Dupree
720,Skillet
723,Lil Peep
949,the ""Sound of Frankie Valli"""
728,Travis Porter 
3216,Leon Haywood
2394,Skylar Grey
1806,Intonation 
2245,D'zyre
729,Ludacris
1653,Lil Jon
730,Trina 
2545,Lisa Lisa And Cult Jam
1061,Ty Dolla $ign 
732,Sons
1965,Belly 
3391,Gardner Cole
5060,Susan Jacks
734,A$AP Rocky
3101,Hedgehoppers Anonymous
752,The Galens
2203,The Crests 
1053,Nicola Paone
735,The Superbs
1673,Boney M
2967,Big Punisher
4848,Eydie 
736,Corona
2252,Bad English
1595,Judy Clay
738,Chance The Rapper
739,Action Bronson 
783,David Gray
2476,Deee-Lite
1387,Marsha
5014,Reality
743,The Manhattan Transfer
3038,Brother To Brother
744,Player
2532,The Waikikis
938,Midnight Oil
3706,Lonnie Russ
745,Solomon Burke
4613,Sister Janet Mead
746,Gladys Knight And The Pips
2955,Meat Loaf
4938,Icicle Works
2775,Ozzy Osbourne
3616,Voice Of The Beehive
748,Ray Charles
1015,Bro Smith
749,Billy Joel 
750,George Maharis
751,Eddie Money
2035,Romeo Santos
916,Sean Kingston
1980,Steel Breeze
897,Ne-Yo
2109,Da Brat
3794,Cher Lloyd 
4818,2 Of Clubs
756,JoJo 
757,King Floyd
760,Groove Theory
1044,The Main Ingredient
2805,Philly Devotions
2901,Shana
1462,The Raiders 
765,Betty Wright
3809,Jeanne Black
766,Buzz Clifford
1611,Evan And Jaron
958,Emeli Sande
4252,The Skyliners
3117,The Tuesdays
1881,Ruth Brown
1144,August Alsina 
767,Gordon Lightfoot
1989,Jerrod Niemann
1644,Mariah Carey 
774,Mickey 
785,The Rondels
852,Marty Robbins
2930,Burt Bacharach
3881,StaySolidRocky
4887,Marty Balin
777,Crofts
5003,Eric Turner
1161,Jigsaw
2741,Edgar Winter's White Trash
779,Jody Miller
787,Take That
2030,Machine Gun Kelly
792,Aerosmith
3945,Carl Perkins
3636,Technotronic 
788,AC/DC
3074,Sonique
790,Genya Ravan
2009,Johnny Cymbal
794,Prince Royce 
4535,Pickettywitch
1019,Travie McCoy 
2162,Pat Green
1572,Al Casey Combo
797,Pretenders
798,Mike Jones
1966,Ronnie Hawkins
801,Danny 
3914,The Mar-Keys
1332,Mike Shorey 
1753,Nat King Cole
803,Digital Farm Animals
805,Louis Tomlinson 
4803,The Megatrons
1745,Rappin' Noyd
2871,The Blue-Belles
3365,Ray Sharpe
1090,Davie Allan And The Arrows
807,DeJ Loaf 
3450,Saigon Kick
1738,Johnny Sea
810,Debbie Harry
3090,The Fontane Sisters
811,Cardi B
2912,The Tamerlanes
1290,Skyy
984,Goo Goo Dolls
819,Kid Ink 
3306,The Sweet Inspirations
5033,Silver Condor
2747,New Colony Six
4868,TQ
820,Lil Baby
4671,T.P.E.
1784,Pratt 
1918,Nivea 
939,Carole King
2745,The Chanters
3927,Roxanne
823,Ray Parker Jr.
826,Shyne 
1287,The Escape Club
4521,Toby Love 
1254,Chuck Brown 
3501,Janet 
828,Fuel
1268,Bert Kaempfert And His Orchestra
3237,Dua Lipa 
829,Willie Mitchell
903,First Class
1021,Destiny's Child
5052,Rex Smith
1109,Chet Atkins
832,Harold Melvin And The Blue Notes
833,Khalid
2435,The Swinging Blue Jeans
1147,Mystikal
2218,Jim Photoglo
835,George LaMond
1815,The Inmates
836,Freedy Johnston
908,Patty Smyth
2328,Ying Yang Twins
842,B2K 
845,Ying Yang Twins 
847,The Astronauts
848,Travi$ Scott
3115,Five
3305,Glen Campbell 
849,Gerry Rafferty
850,The Marketts
896,Ingrid Michaelson
2345,Amel Larrieux
3400,Dizzee Rascal
856,Jermaine Dupri 
858,Freda Payne
1560,Les McCann 
860,Juicy J 
2783,Rockell
3942,Do Or Die (
1329,Laurnea
862,Witch Queen
2008,Playaz Circle 
4292,Driicky Graham
2078,Doris Day
865,Sia 
2421,Billy Strange
1541,Jimmy James 
866,David Guetta 
3999,Morray
5041,Cold Blood
867,Quiet Riot
870,Skrillex 
872,Duck Sauce
2508,Cheyenne Kimball
873,Robert Parker
874,Duncan Sheik
1985,Bryce Vine
3224,Trouble
2000,Don Shirley
4121,Darude
3241,Exile
1476,MKTO
1023,Paper Lace
1354,Mandy Moore
3579,Al Stewart
875,Depeche Mode
877,Cardi B 
3803,Dorothy Combs Morrison
1030,New Order
878,Avenged Sevenfold
880,Neal Hefti
881,Fred Darian
2823,Hot Chelle Rae 
884,Jordin Sparks
886,Ashley Tisdale
2015,The Rinky-Dinks
890,Paris Sisters
892,Jefferson Starship
1908,Jackie DeShannon
1812,Joan Jett
2409,Kierra ""KiKi"" Sheard"
4796,IamSu 
898,Flo Rida 
899,DeJ Loaf
900,William DeVaughn
936,The Gregory Brothers 
901,2nd II None
1467,Neil Young 
904,Roger Smith
906,Wiz Khalifa
2899,The Exciters
2570,Linkin Park 
910,Brett Eldredge
911,Starship
2695,Kim Sozzi
914,Lee DeWyze
1216,Mr. Mister
3522,Steve Harley And Cockney Rebel
917,MDMA
981,Tina Turner
920,Diamond Rio
2005,Beats International
4939,David Laflamme
3957,Jermaine ""JD"" Dupri"
921,Benny Benassi
927,Christina Aguilera 
3744,Metro Boomin
928,Anuel AA
929,6ix9ine 
2274,Carl Anderson 
2179,Bruno Mars 
4623,Lord Huron
2013,Chong 
940,The Playmates
4363,Suga T)
1878,Simpson
3008,MeShell Ndegeocello
941,Carrie Underwood
1036,Newcity Rockers
943,Freddy Fender
4518,Prince Buster
1683,The Alan Parsons Project
1471,The Guess Who
980,Lil Xan
5015,Sadiyyah
947,Victoria Justice
3581,Johnny Gibson
1717,Mystikal 
948,Victorious Cast 
4067,Juvenile
1394,Post Malone
2244,RAab
951,Dan Fogelberg
1785,Stampeders
954,Nicky Jam 
1102,Brando
1011,Peter Gabriel
957,Lil Jon 
977,Johnny Lee
959,Labrinth 
3461,Angel City 
962,Sophia Grace
964,Gavin DeGraw
1655,Living Colour
993,Jay-Z
968,Peter Cetera
3627,Bob Dylan/The Band
970,Russ 
3272,Ben Folds
4043,David Ball
1298,Kodak Black
971,YEBBA
4392,Crawler
979,Evelyn King
982,Funkadelic
2240,Jerry Butler
987,Alice Deejay
1939,Sampha
2993,Dorrough
989,Adam Lambert
4196,Dee Dee Warwick
990,Terry Dexter
1682,All Time Low
1348,twenty one pilots
991,Joe Hinton
2393,Them
2375,5 Seconds Of Summer
4845,Artists For Haiti
1162,Dead Or Alive
2744,Nu Shooz
999,LeAnn Rimes
1000,Alphaville
2096,Billy Swan
1002,Robert Plant
2032,The Cult
2987,Gene
1004,Big Time Rush
3061,The Lemonheads
1006,Barbara 
2344,Kut Klose)
1241,"Faith Evans 
1016,John Mayer
1017,Ambrosia
1485,Timbaland 
3238,Pink Lady
1465,Johnny Crawford
1018,Lloyd Price
1927,Jon B
1022,LunchMoney Lewis
3198,Nate Ruess
2549,Lorraine Ellison
1923,Silk
2264,South Shore Commission
1024,Neal McCoy
4483,Pete Rock 
1025,The Trashmen
4904,Thomas Rhett
3007,Patti LaBelle
1026,The Raiders
1555,The Cars
1027,Amanda Marshall
1028,Melanie
1662,Tony Orlando 
1029,FRENTE!
2773,Enya 
2996,Kitty Kallen
4715,Lee Allen And His Band
1167,Sara Bareilles
1031,Olivia
1032,The Isley Brothers
3235,Ava Max
1033,Ram Jam
1034,Gino Vannelli
1508,Dixie Chicks
1598,New Kids On The Block
1035,Led Zeppelin
3665,Liquid Gold
1390,Ted Nugent
1038,Goodie Mob 
1691,Sly 
4563,Adam Sandler
4397,Kevin K-MAC McCall
1040,Santana
4968,Randy 
1042,Deep Purple
1840,Hank Ballard
1043,Lowell Fulsom
4768,The Vapors
2301,Phoebe Snow
1045,Tra-Knox
1047,The Kinshasa Band
3938,Hank Locklin
2514,Samantha Cole
1884,Sixpence None The Richer
1486,Alabama
1049,BTS
2873,The Vejtables
1751,Maren Morris 
1050,Alannah Myles
2831,The People's Choice
1051,Mista
1054,The Jacksons
3656,Marvin Gaye
4935,Devo
2156,Nick Cannon 
1055,Eydie Gorme
1056,John Parr
3276,Wednesday
4486,Illenium 
1057,Jamie Foxx 
2905,Lara Fabian
1308,Dru Down
1058,John Newman
3786,Sinead O'Connor
1059,Calvin Harris 
3557,Switchfoot
2102,Buddy Miles
3040,John Schneider
3277,Mar-Keys
4716,Lords Of The Underground
1060,Rae Sremmurd
1168,The Ritchie Family
1062,Linkin Park
1064,A Boogie Wit da Hoodie
1900,Commander Cody
1386,Sounds Orchestral
3343,The Castaways
4006,The Marmalade
1066,Robert Knight
1068,Manfred Mann's Earth Band
3165,Johnny Horton
2891,Warren G 
1069,Bill Doggett
1071,The Sweet
2877,Buddy Knox
1073,Dua Lipa
3172,Apollo 
3928,The Game
1074,JC Chasez
4476,Kym Sims
1075,Ke$ha
1076,Eiffel 65
1077,Don Gibson
1078,Jim Edward Brown
2348,Too Short Feat. Parliament Funkadelic
1797,Kelsea Ballerini
1080,David Gilmour
1328,Anthony Hamilton
1640,September
3738,The Rose Garden
4329,Jon B. 
1950,Linear
1081,Orgy
1108,Little Joey And The Flips
2958,Jimmy Hall
3298,Drama
1113,Bad Bunny
1082,Van Morrison
1083,The Marcels
1084,Foreigner
1086,The White Stripes
1087,Russell Dickerson
1088,Bill Black's Combo
1809,The Fifth Estate
5016,J-Kwon 
4249,Tim Hardin
1395,Travis Scott 
1089,The Brothers Four
1502,Pied Piper
1091,Ace Cannon
3919,Charlie Dore
1093,Bobby Shmurda
3087,Monie Love 
1096,Amy Winehouse
2093,Ray J
1098,Alicia Bridges
2337,Lee Dorsey
1099,Tinashe
1101,The Deele
3088,Jimmy Velvet
3991,Young Jeezy 
1103,Loud Luxury 
2673,Dylan Scott
1536,Ritchie Valens
1104,Jonathan Groff
1112,Jarreau
3207,Get Wet
1438,Jason Derulo
1115,Paul Lekakis
1120,Jazzy Jeff 
3433,John Denver 
3742,Marilyn Martin
1122,Scritti Politti 
1436,Sammy Johns
4130,Eagle-Eye Cherry
1123,The Killers
1125,Blac Youngsta
2661,Joe Turner
1127,Dave
3157,Michael Nesmith 
1131,Patrick Hernandez
1615,Daisy Dee
1134,Poni-Tails
4370,GS Boyz
1363,Jay 
3704,Breland
2316,Roy Head
1135,Doja Cat
1137,The Rumblers
1139,Kelis 
4312,Dirt McGirt
1140,Augustana
4007,Dragon
1879,Ashford 
1249,Erica Banks
1286,Migos
1953,Don Gardner And Dee Dee Ford
1141,Taylor Swift
2750,The Magnificent Men
1142,Stone Sour
2799,Carrie
2190,Paul and Paula
1145,Curren$Y 
1307,Natural Four
1901,Prism
1149,Mike Posner 
1150,Funkdoobiest
1152,Halsey
1275,Poco
3395,Anything Box
1155,Pleasure P
1158,Blake Shelton 
3154,The Archies
1159,Mario
4039,G-Unit
1163,Ben Rector
1164,Looking Glass
3892,Twennynine 
1165,Scott English
3206,Doris Troy
1169,Lil' KeKe
1171,Burton Cummings
1850,Heather B.
1173,Spectacular! Cast
3423,Fat Man Scoop
1174,Matthew Wilder
3404,Framing Hanley
3136,Major Harris
1177,Old Dominion
2255,Neil Young
1179,Sean Garrett
4556,The Secrets
1180,Mario 
2271,Rebecca Black
3179,Zayion McCall
3667,Titiyo
3212,Wilbert Harrison
1282,David Lee Roth
1181,Busta Rhymes
1499,David Gates
1888,Gary Puckett And The Union Gap
1182,The Delfonics
4530,B.B. King
1184,Boz Scaggs
3652,Heartsfield
1185,Fu-Schnickens
3260,Bryce Vine 
1186,Tom Petty And The Heartbreakers
1188,Balance
1189,Jivin' Gene And The Jokers
2120,Velvet Revolver
4339,Rodney
1190,Lenny Welch
1191,The Happenings
2623,Blu Cantrell
2047,Serj Tankian
1956,The Bermudas
1192,Anna Nalick
2028,Keith Barbour
3896,Jeff Beck 
1561,Yellow Magic Orchestra
3372,Ozo
1194,P. Diddy
1223,Orpheus
2697,Jennifer Love Hewitt
1196,Blu Cantrell 
1198,The Corrs
1886,Peter Yarrow
1199,George Benson
1200,The Cupids
1482,Cleopatra
2305,Arnie
1201,Michel Legrand
1203,Olu Dara
3397,Jim Capaldi
1206,The Dells
1899,En Vogue
1207,B.J. Thomas
1209,Boy Meets Girl
1711,Marshall Hain
1210,Grayson Hugh
1281,Robin Trower
1211,Travis Porter
3555,Reik 
1213,SZA
3504,Muse
4369,Underworld
1306,Karyn White
1214,The Fiestas
3076,Madness
4110,Me Phi Me
1221,Stories
2486,Jesse Belvin
1222,NEEDTOBREATHE 
1225,Train 
5001,Kid Ink
1226,Roll Double Bubble
1227,Rock 
2228,Bobbi Martin
1228,Ronny And The Daytonas
1230,George Ezra
4101,En Vogue 
1231,Bella Poarch
1232,Vince Gill
2933,Restless Heart
1235,LaVern Baker
1236,The Stingers
3546,Ronnie Hawkins and The Hawks
1239,Bad Company
1240,Missy ""Misdemeanor"" Elliott"
3829,WALK THE MOON
1244,Cam
3884,Pharrell
1947,Peoples
1245,Noyd
2977,Right Said Fred
1246,Vita 
3371,Brian Auger 
1941,Roman Holliday
3576,Louise Tucker
1248,Usher
2521,Bob And Earl
3912,Porno For Pyros
1930,TJR
1252,Jazmine Sullivan
3342,Hadouken!
1906,Daya
2072,Yavahn
1255,Jerry Naylor
4195,The Lettermen
1256,J.J. Jackson
2979,Hank Snow
2483,Kreayshawn
4606,The Nightcrawlers
1681,YoungBloodZ 
3057,Dan Hartman
1257,Ketty Lester
1547,Ronald Isley)
2834,Icona Pop 
2112,Hikaru Utada 
1258,The First Edition
1259,Lil Pump
2945,Christopher Williams
5045,Cameo
1919,Kent Jones
1262,Paul Carrack
1948,Yarbrough 
2089,Spider
1264,Runaway June
2846,The Original
3659,The James Gang
1266,Red Hot Chili Peppers
1267,Sade
1270,John Cafferty 
1276,Plastic Bertrand
3051,Mista Grimm
1913,Patrick Simmons
1480,Jan 
1302,Billy Joe Royal
3589,Fabulous Poodles
1278,99 Percent
2269,Lil Louis
2868,Joe
1658,Seven Mary Three
3096,Jimmy Buffett
1279,Natasja
4678,The Capris
1949,The Tokens
3490,Eye To Eye
1283,Joe Jones
3219,Lazy Racer
4582,Ylvis
1289,Le Click
1291,Tweet
1292,Starley
2019,Frost
1483,Gorillaz
1961,Dave 
1293,Bebe Rexha
1294,Tainy
3071,The Aces
1295,Bad Bunny 
1296,John D. Loudermilk
1297,Electric Light Orchestra
1299,Eminem
3592,Belle Epoque
1779,Les Crane
1758,"The ""5"" Royales"
3799,Cuban Link
1300,Busta Rhymes 
1303,Tyrone Davis
2197,Craig Mack
4315,Marc E. Bassy
1338,Pentatonix
4861,Photoglo
1304,Lee Michaels
1351,Bonnie Guitar
3095,Jake Paul 
1309,Graham Central Station
3642,Gillette
4108,Spencer 
1310,Maureen McGovern
1313,Carl Thomas
1314,The Williams Brothers
1315,Fabolous 
3943,Nappy Roots 
4019,Jesus Jones
1316,REO Speedwagon
1570,Big Brother And The Holding Company
4469,Mad Lion
1317,Taylor Dayne
1318,Winger
1322,Kano
1324,Ray Dalton
2418,His Orch.
2754,Pages
2838,Donna Lewis
1325,Ryan Lewis 
3319,Lee
1733,The Blenders
1326,Macklemore 
4748,Fancy
1327,50 Cent
1331,Lil' Mo
1333,Chuck Jackson 
2496,SupaSTAAR
1981,Will To Power
1335,K. Michelle
1336,Rihanna
2468,LANCO
1339,Rockets
1544,France Joli
1340,Barry Manilow
1341,Becky G
1343,Justin Timberlake
1344,Juice Newton
2589,Richie Havens
2370,Snow
4956,Larsen-Feiten Band
1345,Teddy Pendergrass
1349,Dawn
2366,Snoop Doggy Dogg
1352,New Edition
1359,Emily Warren
2127,LeBlanc 
3995,Charice 
1360,Frenship 
1983,Diana DeGarmo
3719,The Roc Project 
1362,The Americans
1775,Friend
1364,Blue
1366,Santo 
1574,Jane Wiedlin
3375,James Gilreath
1384,Ca$h Out
1368,Billy Ocean
4914,Pia Zadora
2399,Lorrie Morgan
3901,The Checkmates
1369,Mitchell Torok
1372,Europe
3177,Mtume
1373,Dr. Hook And The Medicine Show
1374,Kansas
3953,Jim Jones 
1375,fun.
1377,L'Trimm
1379,Levert
4017,Merrilee Rush
1382,DaBaby
3247,Keith Washington
1385,Ruby Andrews
1792,Shirley Bassey
1389,Rej3ctz
3824,Kevin Lamb
1391,Harry Chapin
1393,D.C. LaRue
1551,Friends/Eric Clapton
1396,DJ Khaled 
1397,Goodie Mob
2563,Robin George
1398,John Fogerty
4897,Janet
1399,Rebbie Jackson
1400,Boots Brown And His Blockbusters
1667,O.T. Genasis 
1403,The Cookies
3152,Black Oak Arkansas
1404,Tina Arena
1406,Frank Ocean
1407,Ruben Studdard
2649,Argent
2688,Faster Pussycat
1408,Van Mccoy
2675,Swae Lee
1796,Alicia Keys 
1459,Choppa 
1409,Crispian St. Peters
1410,Maluma
2230,Jordan Hill
2470,Andre 3000
3763,Mr. Woods
1412,The Dixie Cups
4075,Steve Forbert
2740,Steve 
1413,Henry Mancini And His Orchestra
1415,Charlie Wilson
1575,Sparks 
4509,Warren Hill
1416,Tim Moore
1417,Morgan Wallen
1418,Hilary Duff
2522,NAS 
1722,Sil Austin
2786,Band (Ohio Untouchables)
1419,Orch.
1421,Floyd Cramer
3520,Noah Cyrus 
3113,The Weather Girls
3187,Larry Groce
1422,Tuxedo Junction
1423,Freddy Cannon
4302,Phajja
1424,The Product
2541,Buffy Sainte-Marie
4142,Dennis Coffey 
1427,The Impressions
1429,Potliquor
2795,Instant Funk
3777,PARTYNEXTDOOR
1484,Magoo
1430,Ghostface Killah
1433,Jerry Murad's Harmonicats
3257,Azul Azul
3982,David Pack
1437,Ohio Express
3611,DMX 
1604,Michelle Visage
1439,Graham Nash
1565,Jussie Smollett
2807,Gary Puckett
1440,Zac Brown Band
4433,Celi Bee 
1441,Becky G.
1442,j-hope 
1443,Clinton Kane
1973,RKM 
1466,Crazy Horse
2223,Etta James
1446,Billy Thorpe
4323,Little Sister
1447,Robert Miles
3871,David Blue
1800,The Hullaballoos
1448,Spooks
1451,Red Rockers
1712,After The Fire
3048,Lil' Boosie
4022,Ultravox
1452,The MG's
1453,Booker T. 
1456,Emblem3
1875,Ink
1457,The Box Tops
1573,The Capitols
1458,Master P
2256,Lil Skies
2022,Wade Flemons
1460,Roxette
4799,Drupi
1464,Faces
1473,Roman GianArthur
1477,Bus Boys
3353,Fuse ODG
2343,Big Mountain
1481,Spin Doctors
4885,Everlast
1487,The Cure
1490,Peaches 
2155,B2K
1491,Surface
1493,BoDeans
1495,Remedy
4491,The Sunglows
1497,Gym Class Heroes
1498,Mongo Santamaria
1500,Zach Sobiech
3739,The Salsoul Orchestra
1504,Audioslave
1505,Mr. President
1506,O.T. Genasis
4941,The Drifters 
1507,Gorilla Zoe
1510,MC Lyte
1512,Howie Day
4448,Jerry Lee Lewis
1513,The Winstons
3887,Perez Prado And His Orchestra
4177,Mary Mary
2457,DAY26
4273,Funky Kings
1844,Ramones
1514,Danny Holien
2779,Idina Menzel
1517,Jodeci
2515,The Diamonds
1719,Loverboy
1518,Damn Yankees
2685,Night
1519,The Zodiacs
1520,Maurice Williams 
1871,Paul Kelly
2550,Holly Knight
2763,August Alsina
1522,Keith Sweat 
3828,Julie
1524,PARTYNEXTDOOR 
1525,K7
1526,Paul Young
1743,Loudon Wainwright III
1527,David Cook
1528,Pharrell Williams
1530,Intro
1531,The Forest Rangers
1532,The White Buffalo 
1788,Carly Simon 
1533,Roy Clark
1534,The Belmonts
1535,Los Lobos
1537,Billy Lawrence 
1538,Davina
3227,Jimmy Davis 
3558,Stars On 45
1539,Tony Dallara
1540,The Vagabonds
3217,Gary's Gang
1542,Nicole Scherzinger
2998,Bruce Cockburn
2971,Cherie
1543,Diddy 
4468,The Dave Brubeck Quartet
1545,Manfred Mann
1546,KONGOS
4102,Johnny O
3634,DJ Laz 
1548,Keith Sweat (
2916,Joshua Radin
1549,Bush
1552,Bonnie 
1553,Delaney 
4602,Mr. Cheeks
1946,Frankie J
3413,McGuffey Lane
1554,Korn
2053,Luther Vandross 
2940,Maria Muldaur
1744,The B-52s
2445,Tommy Lee
3869,The Sunliners
1556,Clive Griffin
2822,New Boyz
1558,The Power Station
4334,Utah Saints
1559,Eddie Harris
1562,Eddie Rambeau
1741,Dirty Vegas
3384,Syndicate Of Sound
1563,Unit Four plus Two
1720,Jeremih 
1564,The Excellents
1566,Empire Cast 
1567,James Darren
1571,The-Dream
3832,Eddie 
4797,LoveRance 
1614,Big Trouble
1576,Mike Posner
2906,Chantay Savage
4325,Robert Gordon
1578,CROW
1580,Rednex
4669,Francis Lai And His Orchestra
1583,Enrique Iglesias
4746,Tamiko Jones
1584,Whitney Houston 
1585,The Spinners
2776,Narada Michael Walden
1589,Donnie and The Dreamers
1778,Boyz N Da Hood
3232,Al B. Sure!
4235,Carolina Liar
1590,Joey Kid
1724,Gorillaz 
1591,Glen Campbell
3609,Quincy Jones
1594,Aaron Lewis 
1596,Gwyneth Paltrow
1597,Dottie West
1599,Dustin Lynch
1962,Frankie Smith
1783,McClain
3367,Lil Mama
1600,Reba McEntire
1781,Kevin McCall
1601,Dunn 
1709,Hanks
1603,Solange
1897,Rusty Wier
2068,Sugar Ray
1605,TKA 
1607,Daughtry
2463,Bobby Day
4188,Jesse McCartney
1610,Allan Sherman
2392,The Doors
1612,Jay Z
1620,Shy Glizzy
2636,The Blowfish
1621,Brent Faiyaz 
2060,The Chantels
3031,Cee-Lo 
1656,DJ Khaled
1773,Lord Tariq 
4299,Gary Barlow
2201,Jars Of Clay
2766,Verdine White
3437,Sandee
1622,GoldLink 
1625,the Blackhearts
1627,SF Spanish Fly
2229,BulletBoys
1628,J. Cole 
1632,Philly's Most Wanted
3605,Sponge
3513,Wind
4641,Mike Post
1634,Steve Martin
2286,Sweet
4504,Dean 
1860,Paula DeAnda 
2235,Kenny Lattimore
1635,Nick Lowe
1636,Basia
1638,Janis Joplin
2091,Tegan And Sara 
3770,Los Umbrellos
4921,American Idol Finalists Season 4
1639,Shirley And Company
1641,Betty Harris
1642,Loleatta Holloway
1643,a-ha
1645,Creme
2027,Sheryl Crow
1646,Godley 
1649,Kehlani
1650,Rod Wave 
3715,Odyssey
3898,Jim 
1651,The Gibson Brothers
2826,The Mad Stuntman
1657,Slade
1659,Cupid
2862,Glen
1663,Terry
3269,Kaoma
4204,Sir Douglas Quintet
1664,Bruce 
1666,Young Dolph
4558,Tiesto
1669,Metallica
1670,Baby Bash 
2590,Frannie Golde
1674,Wayne Newton
3060,Tamia Or Ashanti
1676,O.C. Smith
3582,Krokus
1677,CL
1678,PSY 
1685,Universal Robot Band
1686,Betty Madigan
1916,Brandon Casey
1688,Tones And I
1689,Carl Douglas
1690,The Family Stone
3821,Saga
4199,Amber Coffman 
1692,Lucy Pearl
1867,Eurythmics
4660,Flaj
1693,Debelah Morgan
1694,Orleans
1696,Cozy Powell
3455,The Ready Set
1697,Carrie Lucas
1764,Sleepy Hallow
1700,Ratt
3874,Ian Thomas
1703,Mary Macgregor
1704,Q
1998,Junior Parker
2299,Eddie Fisher
4068,Teo
1707,Maureen Gray
2596,Hamilton Camp
3792,Landon Cube
4689,Oak
1710,Grey 
1714,David Bowie 
3857,Young M.A
1715,Roger Miller
1716,Nivea
1718,Sam Martin
3018,Sonny Knight
1721,Wyclef
1723,Shaun Ryder
2401,Young Bo$$
4137,Ronnie Carroll
1725,The Youngbloods
2221,Changing Faces
2999,David Kersh
1726,Henry Lee Summer
1729,The Lovin' Spoonful
3390,Opus
1732,Modest Mouse
3316,The Sensations
4608,Oscar Brown Jr.
1734,Jadakiss
3759,Ruff Endz
1739,Tatyana Ali
1746,Bounty Killer 
4405,Tycoon
2454,Alexis Jordan
1747,The Hearts
1750,Midge Ure
1929,Foster The People
1756,Collective Soul
1759,Public Announcement
1760,R. Kelly 
1765,Ocean
1770,Nino Tempo 
5046,Turley Richards
3998,Kasenetz-Katz Singing Orchestral Circus
4457,Envyi
2037,2 In A Room
2713,Lita Ford
1771,Urban Dance Squad
3918,Erma Franklin
1772,Peter Gunz
1774,3OH!3
1786,Company
1990,Michael Peterson
1787,C.J. 
2512,McClain with Brother Love
3551,Becky G 
3654,CSS
1791,The Paradons
1798,Trey Lewis
3861,The Jewels
1799,Flash Cadillac And The Continental Kids
3882,Claudine Clark
4321,Chris Isaak
1803,P. Diddy 
3231,The Rocky Fellers
1804,Nelly
2387,Linda Jones
1805,Joee
1807,The Blow Monkeys
1811,The Adventures Of Stevie V
4499,Willie Tee
1813,Thunder
3880,Eddie Murphy
1816,JoJo
1817,Johnnie Taylor
1818,The Trammps
2504,Sadat X
3456,Deon Jackson
1820,Natural Selection
1827,Diggy 
1828,Johnny Bristol
2204,The Statler Brothers
1829,Chloe X Halle
1830,Baby 
1832,Bobby Purify
2434,Cobra Starship 
3566,Don Covay 
4694,Laura Enea
1833,James 
2943,Missy Elliott 
1834,Ned Miller
2148,Mase
2767,Robin Thicke 
3197,Ray Kennedy
1993,Bob Kuban And The In-Men
1835,Garth Brooks
1839,Robyn
4045,Maxine Nightingale
1846,Bow Wow Wow
4732,Ludacris 
1854,Chamillionaire
1855,Three 6 Mafia 
1869,Frankie Karl 
1857,Clarence Carter
1858,Betty Boo
4076,Dolly Parton 
2739,Eydie
1863,Jerry Vale
1864,Paul Vance
1868,The Dreams
1870,The Animals
1874,Tower Of Power
2546,Midnight Star
1876,Justin Bieber 
1882,Crash Craddock
1883,The System
3473,Sunscreem
1885,Anita Ward
1887,The Butanes
1889,David Soul
1890,Motley Crue
1894,The Mad Lads
3069,Troy Shondell
1902,Brand Nubian
1909,Gerry And The Pacemakers
1910,Oasis
3107,MC Nas-D 
4495,J. Blackfoot
1911,Fine Young Cannibals
2968,Hi-C
4548,Alvin Cash 
1914,Sybil
1917,Brian 
1924,Eugene Wilde
1925,Beverly Bremers
1928,Ace Spectrum
1932,Ann Cole
1933,Rodway
3028,The Charlie Daniels Band
1937,Kandi
1938,Jeannie Seely
4925,Bobby Bloom
1940,Solange 
2814,Brandy 'Ms. B.' Hambrick
2195,Scotty McCreery
1944,Jane Child
5070,Bobby Edwards
4180,Mickey Lee Lane
3491,Colbie Caillat
3895,Timmy Thomas
1951,Glenn Lewis
1952,Touch
1954,Andy Stewart
1958,2 Hyped Brothers 
1959,Lauryn Hill
1963,Swingin' Medallions
1964,DOM KENNEDY
2718,Quando Rondo
1969,Men At Work
2226,Dinah Washington
1970,Run-D.M.C.
1971,Gucci Mane
3813,Don Nix
3078,Dawn 
4284,Lil' Duval 
1972,Ken-Y
2249,Billy Walker
3370,The Trinity
4664,John Williams
1974,P.M. Dawn
3921,Domenico Modugno
1975,The 4 Of Us
1976,Kirko Bangz
3969,Phil Seymour
4830,Michael Damian
1977,New Birth
4913,Arthur Prysock
1984,Daryl Hall
1986,Dobie Gray
1992,Sawyer Brown
2460,Kelis
1994,Gary Toms Empire
4111,Lefty Frizzell
1995,Sniff 'n' the Tears
4967,The Rainbows
2001,Ephraim Lewis
3740,Point Blank
2020,Travis Wammack
2002,Jason Aldean 
2829,Kut Klose
2003,Robin
3687,Space
2006,Wisin
2007,Enrique Iglesias 
2012,Alice Bowie
2014,Robert Palmer
2016,The Vogues
2024,Edgar Winter Group
2025,Leo Sayer
2247,Crystal Bernard
3446,Force M.D.'s
2026,Faith No More
2973,Lauv 
2116,Lil Yachty
2029,Ohio Players
2397,Gwen Stefani
2036,Ozuna 
3960,Hot Butter
2038,Mana 
2572,Pistol Annies
2039,Arcadia
3362,Eve
2041,Don Omar
3281,Virgil Johnson
2042,Aventura 
2044,Vivian Green
2453,Mike Pinera
2046,H-Town
4812,The Shot
2048,Keith Colley
3248,69 Boyz
2050,Cheryl Lynn
2052,Diana Ross 
2962,Grace
2054,Jody Reynolds
2055,Omarion
2056,Calboy
3867,Blue Mink
2057,Mocedades
2058,Artie The 1 Man Party
2063,Tommy Shaw
3802,Adrian Belew
2066,Patti Austin
4816,Southside Johnny 
2067,Greg Kihn Band
3169,Elephant Man
2069,LFO
2070,Keith Anderson
2071,Starbuck
3818,Lighter Shade Of Brown
2073,Ruffneck 
2611,Bruce Channel
2074,Amanda
2075,Black Box
2077,Little Johnny Taylor
2079,Jason Mraz
2081,The Korgis
2084,Rod Stewart x Miguel x Mark Ronson
2857,The Flamingos
4123,Bill Champlin
2085,Devonte
2087,Jonathan King
2926,Toussaint McCall
2428,C+C Music Factory
2088,Kathy Troccoli
2368,Twista 
2090,The Lonely Island
2092,Wham!
3790,Julian Lennon
2094,David Lee Murphy 
4600,GTR
2097,Alanis Morissette
4891,Carl Wilson
2098,Dem Franchize Boyz
3971,The Alarm
2099,Monica 
3528,The Glitter Band
2100,The Outfield
3549,Tank
2101,Matt Stell
2104,Elle King
3752,The Wildweeds
4836,Bobby Parker
2105,Damian Dame
2106,Soul Survivors
3679,The Demensions
2110,Tha Rayne
2642,Ian Gomm
4792,Polly Brown
4423,Joe Nichols
2111,Skrillex
3056,Faithless
2113,Jeff Lorber 
2114,Alan Walker
4093,David Geddes
2117,Kehlani 
3457,Stacy Earl
2118,Secondhand Serenade
2119,Bettye Swann
3045,Mungo Jerry
2121,Why Don't We
2953,The Proclaimers
3486,French Montana Or Too $hort Or Tyga
2124,Michael Stanley Band
2125,Landon Pigg
2154,Leif Garrett
2129,My Chemical Romance
2130,Mason Ramsey
3666,Danny Gokey
2131,Buster Brown
2132,Lakeside
2133,Aldo Nova
2134,Marsha Ambrosius
4257,Big Pokey
2135,Candlebox
4707,Ruby Wright
3032,Trick Daddy 
3776,Dodie Stevens
4455,The Metros
4172,Yung Berg
2137,Company B
3250,Carla
3497,Los Del Rio
2138,Max-A-Million
2433,Flo Rida
2139,Tool
2140,William Orbit
3097,Alan Jackson 
3676,Gwen Sebastian
3428,John Paul Young
2142,Honeymoon Suite
4882,Lauren Alaina
2143,Portugal. The Man
3183,House Of Pain
2425,England Dan 
2144,Kenny Chesney 
2145,Roberta Flack
3020,Musiq Soulchild 
2146,Bob James
2147,Calvin Harris
2149,Des'ree
3843,The Danleers
2150,Cartouche
2151,Jean Beauvoir
2705,Tyrese
2152,Brenda Dee
2158,Big Pun 
4184,Kalenna
2159,Morris Albert
2160,3LW
2161,Naughty By Nature 
2751,Edwin McCain
2165,Patrice Rushen
2167,Murda Beatz
2983,Easy Street
2168,Nicki Minaj 
2169,Mai Tai
2875,Len Barry
2170,The Black Keys
3823,Ryan Cabrera
3120,Ali Gatie
4191,Max Frost And The Troopers
2171,The Village Stompers
2963,Dale 
3012,James Ray
2172,Regina Spektor
4541,Katrina And The Waves
2173,Bruce Hornsby
3902,Billy Joe 
3588,Bazzi
2174,"Dave ""Baby"" Cortez"
2175,Rachel Platten
4317,Jocelyn Brown
2176,T.G. Sheppard
3523,G-Eazy
4263,Henson Cargill
2182,John Ryan
3570,Wu-Tang Clan
2183,Mass Production
3150,Big Jaz
2184,Five By Five
2986,Al Wilson
2185,The Prodigy
2186,Conrad
2187,Kygo 
2188,Subway
2566,Do
2191,Tee Grizzley
4057,The Clash
2192,Ellie Goulding
2193,Tiana
2196,Jack Johnson
2199,Chedda Da Connect
4915,Jermaine Jackson 
2202,Johnny Mastro
2206,Enuff Z'Nuff
3233,Steve Martin And The Toot Uncommons
4576,Jackie Lee
2209,Kid Cudi
2854,Maurice White
2210,Eazy-E
2211,Bone Thugs-N-Harmony 
4737,Eddie Lovette
2768,Juicy J
2212,Scruggs
2215,Uncle Kracker
2216,Triumph
3753,Rayvon
2217,Whitesnake
2219,Walter Egan
2222,Steve Perry
2224,The Flares
2231,Nancy Martinez
4220,John Fred And The Playboys
2498,Love And Money
2232,The Staple Singers
2234,Yellowcard
2236,Michael W. Smith
2237,The Yardbirds
4226,Tasha Thomas
2238,Count Basie
2239,Jackie Wilson 
3981,Sam Smith
2242,The Cascades
3700,Coo Coo Cal
2243,The Spellbinders
4138,D.J. Rogers
2246,Puff Johnson
2250,Mercy
2612,Bhad Bhabie
2251,The Little Dippers
4234,Ernie Maresca
2253,James Blake
3453,Khalid 
2254,Abra Moore
2257,Adina Howard
4070,The Velaires
2729,Johnny Adams
2258,Amy Lee
4981,K-Ci
3827,Marilyn Sellars
2259,Korn 
2267,The Fortunes
2984,Fall Out Boy
2260,Will Smith
4129,Maureen Steele
2261,Das EFX
2263,Charlene
2474,Pretty Ricky
2265,Deniece Williams
4955,John Mayer 
2624,Jacob Sartorius
2266,Little Richard
2361,Van Dykes
2272,Lord Rockingham's XI
2273,Gloria Loring
3597,Mountain
2275,Dionne Warwick 
2303,Apache
4738,Shoes
2276,The Rentals
3143,Mitch Ryder And The Detroit Wheels
4100,FMOB
2279,Marshmello 
4780,MadeinTYO
2280,Nuttin' Nyce
2281,The Moody Blues
3178,Doja Cat 
2282,Pharrell 
3653,James Last
2283,Lil Uzi Vert 
3289,MO
2738,Eruption
2284,Whirlwind
2731,Just Us
2285,Leschea
2920,Collage
2287,Willie Henderson And The Soul Explosions
3527,Taking Back Sunday
2288,Pretty Purdie
2291,Jimmy Elledge
2292,Johnny Tillotson
2294,Lookas
2295,Sage The Gemini 
2895,Brenda Lee
2296,War
2298,Lil' Flip
2338,2 Unlimited
2300,Chuckii Booker
2302,Redeye
4248,Pharoahe Monch
2304,DRS
3866,Bill Pursell
2307,The Innocents
2308,Tom Tom Club
2309,Patti Page
3716,J.I The Prince Of N.Y
2310,Carolyn Dawn Johnson
2311,Jewel Akens
2312,Faith Evans
4630,Jennifer Rush
2313,Eric Benet 
2315,Georgie Fame And The Blue Flames
3438,Rose Royce
2317,Carolyn Willis)
3698,Mica Paris
2318,Crofts (
4328,Lisa Lisa And Cult Jam 
2319,Sir Monti Rock III
2320,The Sex-O-Lettes 
2322,Harvey Scales
2323,Raphael Saadiq 
2324,Chase
2325,Keith Murray
2327,Dillon Francis 
2329,The East Side Boyz 
3798,Billy Edd Wheeler
2330,Daft Punk 
2694,John Waite
2331,The Electric Prunes
3575,Das EFX (
2332,The Notorious B.I.G.
4366,Far Corporation
3647,The Fendermen
2333,Junior M.A.F.I.A. 
4488,Adam Faith
2334,Mashonda
3783,Mic Geronimo 
2341,V.I.C.
2654,The Other Ones
2342,Brian Hyland
2347,Kali Uchis
4822,Norma Tanega
2349,LMFAO
2350,Fergie 
2885,The Jelly Beans
3161,Heidi Newfield
3340,El Coco
2351,Chris Willis 
4168,XYLO
2352,Electronic
2353,Betty Everett
2354,Domino
4010,deadmau5 
3684,Chuck Willis
2359,Ella Henderson
2568,DJ Sammy 
2360,Red Sovine
2364,Gina G
3211,The KLF 
2640,Jimmy Ruffin
2365,Blues Brothers
3222,Henry Paul Band
2367,The Artistics
2372,Blur
4209,Wendy Fraser)
2373,Good Charlotte
4059,The Honeydrippers
3167,The Rembrandts
2917,Sydney Youngblood
3019,The Paragons
2374,Madi Davis
4683,Jackie Wilson And LaVern Baker
2376,Super Cat
2378,Leighton Meester
2380,The J. Geils Band
4900,The Nelson Riddle Orchestra
2381,The Mob
2382,Martha Wash
2384,Wilmer And The Dukes
3398,Trans-X
4400,Suzi Quatro 
2385,Bun B
2386,Webbie 
2388,The Buoys
2389,Pearl Jam
3628,Sailcat
2391,Shadows Of Knight
2818,The Enchanters
2395,The Grass Roots
2396,Common 
2398,Steve Lawrence
2400,Crabby Appleton
2402,Iggy Azalea
3386,The Elegants
2403,Kanye West 
2405,Kool Moe Dee
2406,Gene And Debbe
2407,Lee Greenwood
2408,Little Texas
2411,'N Sync
2413,COUNTRY
2415,Van Winkle
2416,Teegarden 
2896,Jo Jo Benson
3717,Donnie Owens
4675,Jack Greene
2417,The Friends Of Distinction
2419,Count Basie 
3574,Mobb Deep)
2420,Rick Ross 
2422,Kiiara
2423,Wyclef Jean
2424,John Ford Coley
2806,Parker McGee
2426,Andrew Jannakos
3820,Tangier
2427,The Rip Chords
2430,6ix9ine
4994,Kesha 
2432,Jeannie C. Riley
3297,alt-J
2436,Willie
3017,Niteflyte
4279,The News
2437,Waylon 
2438,Blue County
3567,The Whatnaut Band
2440,Kesha
2441,Frank Lucas
3836,Kristine W
3553,Frank Sinatra 
2442,Danny O'Keefe
4909,Anya Marina
2446,Jimmy Jones
3135,Gene Loves Jezebel
2447,The Castle Sisters
2448,Kathy Linden
2449,Engelbert Humperdinck
4481,Angie Martinez 
2837,The Platters
2450,Mary Hopkin
2597,Josey Scott
3242,No Mercy
2451,Petey Pablo
3147,Kris Kristofferson
2452,Randy Houser
2455,Christine McVie
2456,Jomanda
2458,Nas
2464,Vitamin C
3850,Bill Quateman
2465,Patsy
3970,Jackie Moore
2466,Elmo 
2467,James Brown
2469,The Texans
3200,James Otto
2472,The Lemon Pipers
2473,The New Christy Minstrels
2475,Clipse
2477,Fern Kinney
2478,Lou Rawls
2479,The Farm
2481,Waka Flocka Flame 
2482,Bhad Bhabie 
2484,Rage Against The Machine
3472,David Foster
2485,Carl Smith
2487,Ruby Winters
2488,Barry Gibb
2489,Barbra Streisand 
2492,Edwin Starr
2499,Leonard Cohen
2500,Sweathog
2501,The Strangeloves
3441,SZA 
2502,Fitz And The Tantrums
2503,Modern English
2505,Kajagoogoo
2506,Rick Derringer
3210,Andy Rose
2507,Device
2509,Lonnie Gordon
2511,Jane Morgan
2513,The Nylons
2516,Mudvayne
2518,Az Yet 
3263,Modjo
2519,The Viscounts
2520,Baauer
2714,The Click
2524,Gene Simmons
2525,Camila Cabello 
3966,Billy Falcon
2526,Sue Thompson
2528,A Few Good Men
3215,Nona Hendryx
2529,The Honeycombs
2530,Olivia Newton-John
2533,The Ad Libs
2535,Josie Cotton
2576,Nazz
2536,Vicki Lawrence
2537,Heather Headley
4815,The Jukes
2538,The Paris Sisters
3860,Richard And The Young Lions
2539,Starpoint
2542,John Kongos
2543,Jane Olivor
2544,NAS
2547,Trapt
2551,LaToya Jackson
2552,Gallagher And Lyle
4046,Sinitta
4135,Tove Lo
2553,Chiddy Bang
2555,John Cafferty
3077,Robin S.
2556,Don Johnson
2557,Guy Mitchell
2558,Giveon
2560,Kelly Price
2562,Kris Allen
2564,Eurogliders
3065,J.J. Fad
2565,The Kendalls
3124,Alissa Violet
2569,Los Lonely Boys
2574,Baby
2575,Ginuwine 
2577,Dragonette
2578,Martin Solveig 
3324,The Michael Zager Band
2580,Brotherhood Creed
2581,Buddy Jewell
3321,Long John Baldry
3354,Nyla 
2582,Van Zant
2583,J.D. Souther
2584,James Taylor 
3010,Robert John
4685,Grandmaster Slice
2585,Eddy Arnold
2588,Tracey Dey
2591,The Sons Of Champlin
2593,Emmylou Harris
2594,The Diplomats
2598,Chad Kroeger 
3188,Les Paul And Mary Ford
4620,Dick Hyman 
2599,David Crosby 
2600,Plies
2601,Blessid Union Of Souls
4154,The Flame
2603,Xzibit 
3507,Juan
3333,Wang Chung
2604,the Starliters
4087,Kate Bush
5000,Brooklyn Bridge
2608,Flash And The Pan
2609,MacNeal
2610,Mouth 
2613,Pajama Party
2614,John Sebastian
2616,The Knickerbockers
2619,Daryl Braithwaite
3189,DJ Quik
4698,Don Goodwin
2620,Tha Alkaholiks 
2621,Da Youngsta's
2622,Soho
2625,Loon
3204,Alive 'N Kickin'
2627,iLoveMemphis
2628,The Lumineers
2863,Delbert 
2629,Focus
2633,Menudo
3610,Lil' Kim]
2634,P.J. Proby
3062,Alison Moyet
4406,Cleveland Crochet and Band
2635,The Baskerville Hounds
2639,Clubland
3412,Murry Kellum
2641,Alabama Shakes
2644,Sons Of Champlin
2645,Wild Cherry
2646,Brooke White
2647,Gyptian
4427,Jonathan Edwards
2648,Tara Kemp
2650,Tane Cain
2651,Simply Red
3858,Yolanda Adams
2652,The Packers
3694,The Kingbees
2655,The Lost Trailers
2657,Johnny Yukon
2658,gnash 
3068,Joyner Lucas 
2659,Cartel
2858,Nicolette Larson
2660,Sweet Dreams
2664,The Mystic Moods
2667,Everything
2668,2 Chainz 
2669,Tech N9Ne 
3119,The Ovations (
2670,Blue Swede
2671,Royal Philharmonic Orchestra
2674,Bill Cosby
2676,Co.
2677,Cliff Nobles 
2678,Nick Gilder
3044,Martin Garrix 
2679,His Banshees Of Blue
2680,Buster Poindexter 
4480,Don Covay
2681,Cobra Starship
2797,Gregory Abbott
2682,Karen Young
4533,Marques Houston
2683,MadeinTYO 
3016,Jimmy Soul
4318,Tenille Arts
2684,The Bubble Puppy
2689,Santa Esmeralda
2804,Ray J 
3399,Natalia Jimenez
2690,Champaign
3952,Ron Browz 
4889,Broadway For Orlando
2691,Lisa Fischer
2692,Jimmy Holiday
2696,Mynt 
2698,Blaine Larsen
4383,Len
3734,Donald Fagen
2699,Wade Hayes
2701,Ace
3058,UGK 
2702,Sisqo
2703,Lil' Kim 
4625,Chesney Hawkes
2704,Rita Ora
2911,OK Go
2707,Sherbet
2780,Susan Boyle
2708,Rag'n'Bone Man
2710,Misty Morgan
2711,Jack Blanchard 
2716,The Mystics
2717,The Glass Bottle
2719,Kevin Gates 
2961,Earl-Jean
3625,Scar 
2720,YoungBoy Never Broke Again 
2721,Kon Kan
2722,Gallery
2746,Billy Butler 
4338,The Jesus And Mary Chain
4333,The Conscious Daughters
3872,Johnta Austin
2723,Robert 
3805,Delegation
4574,K.M.C. KRU
2725,The Jaggerz
3282,The Velvets 
2726,MercyMe
2727,Swizz Beatz
2728,The New Birth
2966,T.K. Hulin
2730,Al Martino
2734,Spyder Turner
4025,Rita Pavone
2735,Ritchie Adams
4201,Clifford Curry
2736,The Fireflies 
2737,Ann Peebles
2742,The Chambers Brothers
2743,Hi-Five
2748,707
2749,Don And The Goodtimes
2752,Gary Glitter
2755,GQ
2756,Toya
2758,Apocalyptica 
3312,Nicolette Larson 
2759,Justin Bieber
3643,Alexandra Stan
2760,Ricky Martin 
4642,The Tractors
2761,Shakespear's Sister
4547,The Crawlers
4132,Bad Boys Blue
2764,James Ingram
2765,Ripple
2769,Humble Pie
2770,New Riders Of The Purple Sage
2772,Eddy Grant
2777,B Angie B
2778,Paula Cole
2781,Tex Ritter
2782,Martika
2785,Bobby Fuller Four
2787,The Falcons 
2788,The Party
4346,Afrique
2790,Omarion 
2934,Jim Weatherly
2791,Tony Joe White
3085,Zhane
3533,Miriam Makeba
2792,The Nightingales
2793,Ollie 
3027,Daddy Yankee 
2794,Black Moon
2796,Jana Kramer
2798,Jay Z 
3072,Desmond Dekker 
2800,Michael McDonald
2801,Olivia O'Brien
3951,Juelz Santana
2802,Sherbs
2803,Bobby Brackins
4085,Sweeney Todd 
2808,Ann-Margret
2810,Jill Sobule
2908,The Cyrkle
3750,Melba Montgomery
2811,LOCASH
2812,The Flipmode Squad
2815,Yung Pinch
2817,Dionne Farris
2820,The WAV.s
5017,Figures On A Beach
2821,Chris Kenner
2824,The Blackout Allstars
2825,Lauv
2828,Phyllis Nelson
2830,Men Without Hats
2832,Natalie Cole
2833,Little Bill and The Bluenotes
4194,Lil Mama 
2835,Rozalla
5042,Perfect Stranger
2836,Susan Christie
3377,The Music Explosion
2839,Joey McIntyre
2842,Ronnie McDowell
2985,iLoveMakonnen 
2843,Otis Leavill
3103,Charlie
3746,Vicious
2844,The Volume's
2845,Heartland
4588,The Glass Bottle 
2847,Remo
2848,William Michael Morgan
2849,Julia Michaels
3816,Glass Moon
2850,Clean Bandit 
2851,Kris Kross
2852,Marc Anthony
2853,Euclid Beach Band
2855,Roy Hamilton
2859,Sparks
2860,A Flock Of Seagulls
2865,PMD
3658,John Miles
2866,Yaki-Da
3402,R. City 
2869,Cathy 
2870,Kirk Franklin
3141,Styles 
2872,Brenda K. Starr
3556,Florida Georgia Line
2874,The Del Fuegos
2876,Splender
2878,The Rubinoos
4156,Rusted Root
2880,Randy Travis
3385,Tom Jones
2881,Carrie Underwood 
4649,Percy Faith And His Orchestra
2882,Macy Gray
2884,Willa Ford
3021,Stonewall Jackson
2888,Twisted Sister
2890,Mack 10
3814,Rod McKuen
2892,Jimmy Cross
2893,The Light Brigade
4232,Young Dro 
2894,Enoch Light 
4725,The Harden Trio
2897,Peggy Scott 
2898,The Zombies
2900,Chris Christian
2902,The Poppy Family
2904,Little Peggy March
2907,Ronnie and The Hi-Lites
2909,Skee-Lo
2910,TKA
4393,Clefs Of Lavender Hill
2913,Barry 
4431,Brown Boy
2915,Alan Parsons
2918,What Is This
2919,Vikki Carr
3870,Sunny 
2921,Puff Daddy 
2922,The Five Satins
3608,Lil Scrappy 
2923,Tommy Sands
2924,Damita Jo
2925,The Replacements
4633,Joe South
2927,Whatnauts
2929,Claude Gray
2931,Dr. Buzzard's Original Savannah Band
2932,Tommy Boyce
2935,Terry Stafford
2937,Lil Scrappy
2938,P$C 
2939,Trick Daddy
2942,Lamb
4787,Alan O'Day
2944,New York City
2946,The Wreckers
2947,Michelle Branch 
2948,Santana 
2949,Big K.R.I.T.
2951,Young Jeezy
2952,Drake 
2954,Bizarre Inc
2956,The Intrigues
3477,Sam Dew
2959,Herman's Hermits
2964,John Kay
2970,Nona Gaye
3519,Labrinth
2974,Sasha
2978,Bobby Lewis
2980,The Rhondels
2982,Shirley and Lee
4229,Imajin 
2989,The Kiki Dee Band
2991,Dynasty
4505,Bob
2992,Linda Scott
2994,The Dynamics
2995,Vanilla Ice
3709,Big Noise
2997,Rod Lauren
3000,The Rowans
3001,Dreamlovers
3632,The Shamen
4042,L.A.D.
4663,The Four Coins
3004,Bobby Wood
4205,Freddie North
3005,Ian Lloyd 
3006,Streets
3009,Leslie Pearl
3011,Jack Jones
3023,DAY26 
3026,Fergie
3029,Lenny Miles
3030,Big Boi
3033,BeBe Winans
3034,Cherish
3035,The Timetones
3041,Donell Jones
3043,Cross Country
3046,Evans
3293,Dicky Doo And The Don'ts
3049,Lil' Phat 
4923,Kalin Twins
4026,Styles Of Beyond
3050,Four Tops
3053,Aventura
3364,A Rocket To The Moon
3054,Darren Hayes
3055,Bo Bice
3064,Black Sabbath
3066,Webb Pierce
5058,Clarence Clemons 
3067,Logic
3070,KYLE 
3075,Felice Taylor
3079,D.J. E-Z Rock
3080,Rob Base 
3722,Sherrie Austin
4881,Tommy Shane Steiner
3225,MC5
3083,The Peanut Butter Conspiracy
3515,Mocha"
3084,G.L. Crockett
3091,Perry Como 
4272,Shabba Ranks (
3092,The Choir
3840,Ashley McBryde
3094,Team 10
3099,Faron Young
3108,Dr. Alban
3109,Talk Talk
3989,Brandy 
3110,Geoffrey Williams
3111,KBC Band
3116,The Larks
3118,Louis Williams)
3123,Small Faces
3126,Link Wray And The Wraymen
3128,Nancy Sinatra 
3130,Bobby Comstock And The Counts
3131,L.A. Style
3132,Teena Marie
3133,Pilot
3137,David Dundas
3138,Lemon Pipers
3868,Models
3139,CRUSH
3514,Spliff Star
3144,Caesars
3146,Lawrence Reynolds
3148,Young Scooter
3149,Juice WRLD 
4384,Happy Mondays
3875,The Silencers
4585,The Goodies
3151,Jay-Z 
3153,Diane Maxwell
3683,Matt Monro
3155,Frankie Calen
4456,Franke 
3158,Priscilla
3162,Shelley Fabares
3163,Johnny Winter
3164,Peter Tosh
3166,Joanie Sommers
3168,Hayley Mills
3170,The Amboy Dukes
4439,Robin Luke
3171,Tom Parker
3173,The Peels
3174,Frankie Vaughan
3718,Trillville
3175,Monty
3176,The Strokes
3180,Zay Hilfigerrr 
4134,Eria Fachin
3184,The Movement
3307,Dave Mason
3190,Jimmy Clanton And His Rockets
4524,Kinsu
3191,Biz Markie
3193,Ian Hunter
3537,Pop-Tops
3195,The McGuire Sisters
3199,Johnny Kemp
3201,Louis Tomlinson
3203,WE the Kings
5079,White Town
3205,Larry John McNally
3208,The Click Five
3209,Randy Vanwarmer
3213,The Emperor's
3214,Marillion
4850,B.o.B.
3218,Alvin Cash
4659,The Rattles
3221,Little Eva
4702,Mina
3223,Zombie Nation
3226,Junction
3229,Kim Wilde
3230,MGMT
3239,Diane Renay
3243,Digital Underground
3244,Michael Ray
3660,Lyfe Jennings
4301,Jill Scott 
3246,Total
3617,DDG
3251,Otis 
3252,Candyman
3254,Michele Lee
3258,The Blendells
3259,Auburn 
3261,Farruko
3262,Mana
3265,Fats Domino
3266,Labelle
3267,bbno$
3899,Lou Monte
4112,AWOLNATION
3268,Y2K 
3270,David Essex
3271,Cannibal And The Headhunters
3273,the Satellites
4991,Teddy 
3274,Collay 
3278,Lostprophets
4545,Bill Parsons
3279,The Swon Brothers
3612,The Lox [
3280,Sonny
3283,Robin McNamara
3972,Book Of Love
3284,Information Society
4624,Daryle Singletary
3285,Rudimental 
3286,The Detergents
3291,Major Lazer 
3292,Pink Floyd
3295,Will Young
3296,The Tony Rich Project
3300,Neon Trees
3303,Betty Everett 
3304,Bobbie Gentry
3310,Alessia Cara
4002,Max Werner
3311,Alec Benjamin 
3313,Avril Lavigne 
3315,Derringer
3967,Skepta
3318,Bunny Sigler
3322,Billy Bland
3853,Yaz
3326,West Street Mob
3329,Average White Band
3677,Coro
3330,The Routers
3331,Nile Rodgers
3334,Michel'le
3336,Richie Rich
3337,Bobby Comstock
3341,WhoHeem
3346,Sonny Geraci
4374,Paris Hilton
4311,Trillville 
3348,Graham Parker
3349,The Dream Academy
3710,Trina
3351,The Band
3352,Reunion
3355,Chad Brock
3357,MAX 
3778,Jeff Carson
3358,Lana Cantrell
3359,Scott McKenzie
3361,Meghan Trainor 
3366,Conway Twitty
3369,Ferrante 
3373,Leapy Lee
3376,Annie Lennox
3378,Chase Bryant
3380,Pete Seeger
4004,Mary Russell
3705,Saweetie
3381,Huelyn Duvall
3621,Andrea True Connection
3382,Sheila
4053,Edgar Winter
3793,Waka Flocka Flame
3383,White Lion
3388,The Toy Dolls
4980,The JaneDear Girls
3389,Ali Thomson
3392,Cliff Richard and The Drifters
3394,Pseudo Echo
3405,Paul Petersen
3406,Rosie
3407,Andrew Gold
3410,Wendy Waldman
3411,Michael Parks
3414,Cassie
3415,Britny Fox
3416,BlocBoy JB 
3417,Deane Hawley
3418,The Sunshine Company
3463,Frank Mills
3419,Hot Stylz 
3420,Johnny Thunder
4864,Glenn Jones
3421,Eminem 
3422,Dre 
3425,Ruth B
3426,Nastyboy Klick
3427,Gesaffelstein 
3429,H.B. Barnum
3430,The Range With Shawn Colvin
4795,Skipper or 50 Cent
3936,Lauren Wood
3431,Fat Boys
4844,Claudia Leitte
3432,Sylvie Vartan
3434,Earnest Jackson
3436,Climie Fisher
3439,Boys Like Girls
3440,Troy Keyes
3445,The Vibrations
3448,Chris Willis
4477,Berlin
3449,Badfinger
3452,Normani
3458,Chris Stapleton
3459,Special Generation
4221,MJG
3460,Lara McAllen
3464,Bobby Hebb
3466,Sammy Kershaw
3467,Desmond Child
4866,Painter
3469,Jeffrey Osborne
3470,Gavin Rossdale
3471,311
3474,John O'Banion
3479,Wallace Brothers
3481,Patty Loveless
3482,Gale Garnett
3484,Darden Smith
3485,Guy Marks
3487,Lucas
3489,Lillie
3492,Jason Mraz 
3493,The Poppies
3495,Clipse 
3498,Los Del Mar
4335,Johnny and The Expressions
3499,The Kimberlys
3503,Snootie Wild 
5023,Tate McRae
3506,The Rays
4038,Regard
4461,John Anderson
3508,Don 
3743,Rufus 
3510,The Innocence
3511,Peter Schilling
4589,The Dukays
3512,The Castells
3723,Gloria Gaynor
3516,Missy ""Misdemeanor"" Elliott 
3517,"Nicole 
3518,Johnny Thunder 
3521,Janelle Monae
3524,Britney Spears 
3525,Aurra
3526,Wet Willie
3529,David Naughton
4047,Wax
3532,Cyndi Grecco
3535,Bill Anderson
3540,Reg Owen 
4637,The 5 Chanels
3542,Matthews' Southern Comfort
3544,The Product G
3545,The Ran-Dells
3547,Four Jacks And A Jill
3548,"""Little"" Jimmy Dickens"
3602,The Notorious B.I.G. 
4500,G-Wiz
3561,Tony Burrows
4012,The Ramblers
3562,Herbie Mann
3563,Johnny Watson
3564,Larry Williams 
3565,The Goodtimers
4681,Lainey Wilson
3568,The Whatnauts 
3569,Offset
3571,Eugene Church
3573,Toni Basil
3768,Jimmy Barnes
3578,Joey Powers
3580,The Revels
3584,Fotomaker
4593,Big Poppa
3585,Edith Piaf
3586,Smooth
4060,Gwen McCrae
3789,Sage The Gemini
3590,Soul Asylum
3593,The New Yorkers
3808,Hurricane Smith
3594,Lolo
3595,Panic! At The Disco 
3598,Larry Verne
3599,The Videls
3600,Mistress
3601,Austin Mahone 
3603,Mark Morrison
3604,Johnny Maestro
4256,Eurythmics 
3607,Young Buck
3613,Elephant's Memory
3614,Before Dark
4922,Cock Robin
4579,Ryan Tedder
3615,Fred Schneider
3618,Captain Hollywood Project
4745,The Ivy League
3620,Spiral Starecase
3622,The Neon Philharmonic
3624,Sleepy Brown
3626,OutKast 
3630,Merril Bainbridge
3633,Casely
3638,M People
3639,Jerry Jeff Walker
4054,Tony Bellus
3640,Buddy Greco
4753,Delinquent Habits
3644,Culture Beat
3645,Eternity's Children
3646,Mark McGuinn
3648,YNW Melly
3649,Cheri
3650,Giammarese
5047,Hannah Jones
3651,Tufano 
3655,Stardust
3661,Toby Beau
3668,LSG
3669,Ghost Town DJ's
3670,Charlie Drake
4083,Sweeney Todd
3671,Richard Harris
3672,Soul Train Gang
3735,A$AP Ferg 
3673,Eddie Vedder
3690,Robert Goulet
3725,Loren Allred
3675,David Houston 
3680,Jerry Jaye
3681,Deja Vu
3879,Xzibit
3682,The Blue Notes
3685,Bloodstone
5030,The Shields
3691,Stevie Wonder
3692,Margie Joseph
3693,B.W. Stevenson
4949,John Mayer Trio
3695,DSD
3697,The Girlfriends
3699,Lit
4858,Titus Turner
3701,Susanna Hoffs
4289,"The Corsairs 
3703,Jean Knight
3707,Ian Whitcomb
3708,The Halos
3711,Fugees
3712,T-Wayne
4071,Yo-Yo
3713,Dro
3714,Bandit Gang Marco 
3720,Kai
3721,Flume 
3726,MNEK
4756,Total 
3728,Debbie Taylor
3730,Bone Crusher 
4411,Wynter
3732,Marvin Sapp
3736,U.S. Bonds
3745,Offset 
3749,Love And Rockets
4035,Zac Efron 
3751,Shirley Caesar
3754,Roscoe Dash 
3755,21 Savage 
3756,Wayne Wonder
4777,Rodney O 
3757,The Van Dykes
3758,Galantis
3760,Michael Penn
3761,Wynonna
3764,Sporty Thievz 
3769,Alice Merton
3771,Warren G
3773,Athena Cage
3775,Bulldog
3780,The Uniques 
3781,Charice
3782,Black Rob
3785,Jesse Winchester
3804,The Edwin Hawkins' Singers 
3806,Shades Of Blue
3807,Bertha Tillman
3873,Johnnie 
3811,Billy Gilman
3812,Lil Nas X 
3815,Quavo
3819,Cody Johnson
3822,Russ Ballard
3825,Maria Nayler
3826,Robert Miles 
3830,Barry Young
3834,Travis Barker
3835,Rod Bernard
5057,The Brooklyn Bridge
4120,Fever Tree
3837,Timmy T.
3838,Murray Head
3839,Robey
3842,J-Shin 
3913,The Shins
5009,The Overlanders
3844,The Original Caste
3845,Brewer And Shipley
3851,Nelson
3852,Fox
3854,Perfect Gentlemen
3855,Jessie Hill
3859,Darrell Banks
3862,DJ Mustard
3863,Baby Keem
3864,Darell
3865,Sech 
3876,Silversun Pickups
3883,DMX
3886,Frankie Valli 
3888,Teresa Brewer
3889,The Presidents Of The United States Of America
3894,The Pyramids
3897,Jean
3900,The Peppers
3977,Mondo Rock
3905,Johnny Gill
3904,Monchy 
3906,Stacy Lattisaw 
3908,Fairground Attraction
3916,Home Team
3917,Kid Rock 
3922,Jimmy Beck 
3923,A$AP Ferg
3924,The Soul Sonic Force
3925,Afrika Bambaataa 
3926,Ne-Yo 
3930,Clint Holmes
3934,Dave Loggins
3935,K.W.S.
3939,Cathy Jean and The Roommates
3941,Twista)
3944,The Surfaris
4014,George Duke
3947,Jonas Brothers
3950,Cathy Carroll
3954,M
3955,Polo G 
3956,The Sherrys
3958,"Marques Houston 
3961,Three 6 Mafia
3962,Jay Biz
3963,Michael Franks
3964,The Murmaids
3965,Jhene Aiko
3993,Ritt Momney
3968,Climax
3973,Eugene Church and The Fellows
3974,Travie McCoy
3976,Curtis Lee
4534,Roy Orbison 
3978,Coldplay 
3979,Warren Storm
3983,Patra
3984,Mr. Vegas
3986,Son By Four
3987,The Mixtures
3988,Alessi
3990,Chris J
3992,Ray Smith
3994,Taco
3996,Rene And Ray
3997,Bang
4277,Flash
4001,Queen
4003,Fools Gold
4008,Davy Jones
4011,The Edsels
4016,Giorgio Moroder (
4018,J.J. Barnes
4853,Jim Jones
4024,"Esther Phillips ""Little Esther"""
4029,Jenny Burton
4030,Michael Murphey
4458,K.P. 
4031,A Day To Remember
4032,Kashif
4034,Zendaya
4037,Blues Image
4612,Cal Smith
4036,DJ Company
4806,Stacy Barthe
4619,His Electric Eclectics
4040,Joe 
4041,Lawrence Welk His Orchestra And Chorus
4048,Lorne Greene
4051,Vance Joy
4049,Baby Cortez
4066,95 South
4055,Jim Steinman
4056,Falco
4058,Benzino
4062,The Eternals
4063,Sammy Masters
4255,Sarah Dash
4064,Maynard Ferguson
4304,Musiq Soulchild
4072,Patra 
4073,The Wild Pair)
4077,Janie Grant
4079,SAINt JHN
4080,Rozes
4081,UTFO
4082,Arizona Zervas
4086,10cc
4088,MAGIC!
4090,The Temptations
4091,Lindisfarne
4094,Jo Jo Gunne
4095,Savoy Brown
4096,Choirboys
4098,The Gestures
4099,The Third Rail
4103,Bonnie Raitt
4104,Luis Cardenas
4105,Joji
4106,Big Audio
4107,Spencer with the Sonia Pryor Choir
4109,ABBA
4113,Lolita
4114,The Jaynetts
4115,The East Side Boyz
4594,Donna Fargo
4116,Dean Martin 
4117,Mary Lambert
4118,Jimmy Ryser
4119,Christie
4122,Larry Hall
4124,Dave Days
4126,Diesel
4127,Tom Johnston
4128,Donna McDaniel
4131,Brotherhood Of Man
4133,Great White
4136,Voices Of Theory
4139,James Arthur
4140,Mis-Teeq
4772,Claudette Ortiz
4141,The Detroit Guitar Band
4143,The Band Of The Black Watch
4145,Frankie Ford
4146,Jack Eubanks
4147,Vanilla Fudge
4148,Terry Jacks
4149,Adrian Baker
4150,Gidea Park 
4151,Cast Of Rent
4152,Grace Slick
4153,Leon Redbone
4155,The Tempos
4157,Chevelle
4416,T
4159,RBD
4161,Sarah Vaughan
4162,Donna Allen
4163,Smart E's
4165,Clubland 
4166,Roberta Flack With Maxi Priest
4167,Planet Soul
4169,Rosanne Cash
4170,Metro Station
4171,Goddess
4173,Junior
4174,Yung Berg 
4175,Arianna 
4178,Joe Dolce
4179,5 Satins
4181,The Five Du-Tones
4182,Ian Matthews
4183,Marion Worth
4186,Too Short 
4187,Jay Ferguson
4189,Magic Lanterns
4193,Benny Bell
4197,The Flaming Lips
4200,Clocks
4202,Aaron Neville
4203,Mark Chesnutt
4206,Johnny Paycheck
4207,Tony Sunshine
4700,Ian Whitcomb And Bluesville
4208,Lumidee 
4210,Patrick Swayze (
4211,: Pat Upton
4213,Tal Bachman
4214,The Chartbusters
4215,High Valley
4216,The Ramones
4217,Matthew Santos
4218,JAY Z
4219,Haysi Fantayzee
4222,Eightball 
4223,Tela 
4224,Mobb Deep
4225,Michael Cooper
4385,Vika Jigulina
4227,Dollar
4228,20 Fingers 
4230,The Sunshine Band
4908,Link
4233,Mickey Murray
4236,Big Sean 
4237,Kim
4238,Mel 
4239,The Five
4240,John Rich 
4241,The Ting Tings
4242,John Rich
4243,Matthew Sweet
4244,Blue Magic
4246,Mahalia Jackson
4791,Morgan Wallen 
4247,Marc Cohn
4250,BT
4251,Rebekah
4253,Frijid Pink
4254,Isyss
4258,Tommy Cash
4259,Connie Stevens
4260,Shirley
4261,Laverne 
4262,E.C. Beatty
4265,Larry Carlton
4266,Frank Ocean 
4268,Slave
4269,Ian Lloyd
4270,Allan Clarke
4274,B. Fresh
4275,Doc Box 
4276,Johnny Williams
4278,Phil McLean
4394,Steppenwolf
4282,Ball Greezy
4283,Snoop Dogg 
4285,Lady Saw
4286,Vitamin C 
4288,Jay ""Bird"" Uzzell"
4290,2Cellos
4291,Big Tigger
4294,The Brecker Brothers
4295,Men At Large
4296,Jake Holmes
4300,U.N.V.
4303,Timothy B. Schmit
4305,Chris Young 
4308,Destiny's Child 
4309,Goanna
4310,Cutty
4314,Jameson Rodgers
4316,Soul Brothers Six
4320,George Michael 
4324,Marshall Crenshaw
4326,Trey Lorenz
4327,Full Force
4331,SWV (
4332,Frank Sinatra
4645,The Lost Generation
4336,Clint Black
4341,Our Lady Peace
4342,Buchanan Brothers
4343,Chicory
4344,John Gary
4345,The Impalas
4347,Manu Dibango
4348,Shirley Ellis
4349,King Curtis And The Noble Knights
4350,Young-Holt Unlimited
4352,Stone Temple Pilots
4353,Moby 
4354,Voyage
4355,Tim McGraw 
4356,Alpha Team
4357,Andy Fairweather Low
4358,Doctor And The Medics
4359,Pressha
4873,Quicksilver Messenger Service
4360,Silvetti
4361,Pauline And Their Versatility Birds
4362,Birdlegs 
4364,E-40 (
4365,Fortune
4371,The Preludes Five
4373,Oakenfold 
4375,Stars On
4497,Rockpile
4376,Katy Perry
4377,The Wiseguys
4378,Ted Taylor
4379,Young Buck 
4380,Benjamin Orr
4382,The Raconteurs
4386,Edward Maya 
4387,Duals
4388,Scorpions
4389,Slim Thug 
4395,Mr. Acker Bilk
4396,Nicole Renee
4398,Carole Bayer Sager
4399,Chris Norman
4401,Slim Jxmmi 
4402,Malo
4403,Elvis Crespo
4404,Clout
4407,Jimmy Gilmer And The Fireballs
4408,BrockHampton
4409,Jerry Garcia
4410,Rusty York
4412,Francesco Yates
4414,Patrick Stump
4415,Biddu Orchestra
4418,Corina
4419,Nocera
4420,The Jamies
4421,Rolf Harris
4425,The Parade
4426,Coko
4428,Lea
4429,Lil' Flip 
4430,Daze
4432,The Buzzy Bunch
4435,Cerrone
4436,Charm Farm
4437,Al Casey
4438,Cindy Bullens
4440,The Sidekicks
4442,Jason Derulo 
4443,Westlife
4444,The Neighbourhood
4445,Nino Tempo
4446,April Stevens 
4449,Deep Forest
4450,Wadsworth Mansion
4451,Florence Welch
4452,Beau Coup
4453,Stephanie Mills
4459,The Mastermixers
4460,Jive Bunny 
4463,Smith
4466,Tori Kelly
4467,Chris Lane 
4471,Rampage 
4473,Michael Henderson
4920,Alison Krauss + Union Station
4474,The Veronicas
4479,Afrojack 
4810,Bonham
4484,Tre
4485,Lennon Stella
4487,Breathless
4492,The Wailers
4493,Cico P
4498,Marc Almond
4501,Mark Dinning
4502,Meri Wilson
4503,Marc
4506,Travis 
4507,Kenny Rogers 
4508,The Rolling Stones
4510,Restless Heart 
4511,Keak Da Sneak
4512,E-40 
4513,The Human League
4515,Rupee
4516,The Moonglows
4517,Harvey 
4520,Rakim 
4522,Jerry Fuller
4523,A.L.T. And The Lost Civilization
4525,98 Degrees
4526,The Scaffold
4528,Estelle
4532,Frankie J 
4537,The Wonders
4538,Gabriel And The Angels
4539,Sheb Wooley
4540,Yella Beezy
4543,The Poppy Family (
4546,Georgie Fame
4549,Homer And Jethro
4781,How I Became The Bomb
4550,The Beach Boys
4551,Katy Tiz
4552,Miss Toni Fisher
4553,The Five Blobs
4554,Randy Newman 
4559,Casha
4560,Double
4562,Dexys Midnight Runners
4564,Ernie Fields
4565,Qkumba Zoo
4566,NewSong
4568,Arlo Guthrie
4569,The Spacemen
4571,The Novas
4849,Larry Santos
4573,The Spokesmen
4575,Frankie Miller
4577,The Islanders
4578,Felony
4580,Gabby Barrett
4581,Nelly 
4584,The Verve Pipe
4586,Brother Beyond
4587,Gary Criss
4590,Blanco Brown
4591,Camouflage
4592,The Tune Rockers
4596,2Gether
4597,Hagood Hardy
4599,Bobby Peterson Quintet
4601,Snail
4603,Las Ketchup
4604,The Raindrops
4605,Roger Whittaker
4609,Jerry Landis
4610,Jack Nitzsche
4611,Johnny Lytle
4614,Theola Kilgore
4615,Jeff Bates
4617,Cymande
4618,Grandmaster Flash
4621,Morrissey
4622,The James Boys
4627,Jay Black
4628,The Registers
4784,The Grateful Dead
4629,Tenacious D
4632,Celine Dion 
4635,Tay-K
4638,Method Man
4639,M. Shadows And Synyster Gates
4640,Good Charlotte 
4644,Johnny Restivo
4646,Sara Ramirez
4647,The Walker Bros.
4648,Notorious
4650,Ernie Freeman
4651,Ferlin Husky
4652,Tag
4653,JD
4654,Jagged Edge 
4655,Soulsister
4656,Gogi Grant
4657,Julie Rogers
4661,Geto Boys 
4662,The Four Aces
4665,Joey Scarbury
4666,Peter Nero
4667,The Mainstreeters
4668,Joe Simon 
4670,Joel Diamond
4672,The Casinos
4673,Machine
4674,The Outlaws
4987,Voyce
4677,BlackHawk
4679,Yvonne
4680,Elan 
4682,Jennifer Hudson 
4686,B.G. The Prince Of Rap
4687,S.O.A.P.
4688,Melba Moore
4692,Keala Settle 
4706,Green Jelly
4693,2nu
4695,Bob Geldof
4696,Trevor Guthrie
4697,Armin van Buuren 
4699,Bill LaBounty
4704,Blueface
4705,Roy Drusky
4709,DragonForce
4710,Elton John
4712,L.V.
4714,Fruit De La Passion
4718,Kicking
4813,Graham Parker 
4719,Alive 
4720,Tinie Tempah 
4995,The Assembled Multitude
4721,The Classics
4723,Lake
4724,The Spencer Davis Group
5074,Toronto
4727,Rocky Burnette
4728,The Teddy Bears
4729,Doris Duke
4730,Grouplove
4731,DJ Frank E
4733,Outasight
4734,Hot Chelle Rae
4735,The Chiffons
4736,Mello-Kings
4741,Cozy Cole
4743,Fireballs
4744,Kris Jensen
4749,Capleton
4751,Eileen Rodgers
4752,Chubb Rock
4754,The Presidents
4757,The Jimmy Castor Bunch
4758,Clarence Ashe
4759,Cooker
4760,Lee Andrews And The Hearts
4761,La Mari De Chambao Y Tommy Torres
4762,Kimberly Scott
4763,Oaktown's 3.5.7
4764,Jim Stafford
4766,Kevin Lyttle 
4767,Autograph
4769,Gorilla Zoe 
4770,The Juniors with Freddy Cannon
4771,Boys Like Girls 
5065,Jimmy Ricks
4773,Jack Harlow
4774,Prince Markie Dee And The Soul Convention
4775,Kandi Girl
4778,OG Maco 
4779,Queen Latifah
4782,The Salutations
4785,Five Finger Death Punch
4786,The Church
4788,The Frogmen
4789,Terry Black
4790,Ambjaay
4793,Laura Nyro
4798,Tom Scott
4800,Norman Connors
4801,24kGoldn
4802,The Pack
4805,Debra Laws
4807,Lady Gaga
4809,Simon Stokes/Nighthawks
4811,Freshlyground
4878,Pet Shop Boys 
4821,Helen Shapiro
4823,Tora Tora
4824,Missing Persons
4825,Philip Bailey
4826,Yoko Ono
4827,Ashanti
4828,Cher Lloyd
4829,Chris Daughtry
4832,Plies Or OJ Da Juiceman
4835,Yellaklaw
4837,Brooks O'Dell
4838,Don Shirley Trio
4839,Wendy And Lisa
4841,Mr. Probz
4842,Kaleo
4997,J. Dash
4843,Josh Thompson
4846,fun. 
4847,The Osmonds
4851,Selena Gomez
4852,Bill Brandon
4854,Soko
4901,Linda Ronstadt 
4855,Aaliyah 
4859,Refugee Allstars
5029,Madleen Kane
4860,Little River Band
4869,YFN Lucci
4862,The Postal Service
4863,WE the Kings 
4865,Paul Stookey
4867,Toni Fisher
4870,Austin Mahone
4872,Moving Pictures
5069,Maria Mena
4874,The Percells
4875,David Jones
4876,The Monroes
4877,Giggles
4879,Athenaeum
4880,Melissa Lawson
4884,Violator 
4886,The Tams
4888,Cam'ron
4890,The Harptones
4893,Duke 
4898,Niki Haris
4899,Jellybean 
4958,Nyasia
4902,Ramsey Lewis
5021,Ray LaMontagne
4903,DJ Miko
4905,Ironhorse
4906,David Williams
4907,Andy 
4910,Shanice
4911,Motherlode
4916,Robin Lane 
4917,The Dreamlovers
4918,Bros
4919,Kellie Coffey
4924,Diplo With Justin Bieber
4926,Chris Forde
4927,Peter Sarstedt
4930,Tommy Mara
4931,Jessica Simpson 
4932,Holly Brook
4933,The Calling
4934,Kat DeLuna 
4936,Oxo
4937,Alison Krauss
4940,Clyde McPhatter And Bill Pinkney
4942,Laid Back
4943,Grin
4963,CJ
4944,Hollis
4945,ScHoolboy Q 
4946,Beenie Man
4947,IamSU!
4948,Jonn Hart 
4951,The Shindogs
4952,The Sports
4953,Tay Dizm
4954,Dolla 
4957,Zebra
4959,The Genies
4965,Bobby Powell
4966,Ex-Girlfriend
4969,Alex Band Or Chad Kroeger
4970,Five Special
4972,Jack
4973,Jack 
4974,Rihanna 
4975,The Rebels
4976,G.R.L.
4977,Kool Mo Dee
4978,Dru Hill 
4982,HIM
4983,T .I.
4984,Fat Boys 
4985,Billy Vera
4989,The Ly - Dells
4990,The Twilights
4992,The Union Gap 
4993,The Dap-Kings Horns
4996,Sam The Sham and the Pharaohs
4998,F.R. David
4999,Tommy Roe
5002,The Rude Boys
5006,Voices
5007,The Yellow Balloon
5008,Ant Saunders
5010,Nolan Thomas
5011,Jidenna
5012,Janelle Monae 
5013,The Ivy Three
5020,Grace Potter
5025,Family Cookin'
5026,Limmie 
5027,Aaron Lines
5028,Cast Of Hairspray
5031,The Slades
5032,April Wine
5034,Neil Diamond
5035,The Caravelles
5036,The Triplets
5037,Dawn Penn
5038,William Bell
5039,The Jones Girls
5040,VEDO
5043,Jimmy Somerville
5044,Sabi
5048,The African Children's Choir
5050,Lauren Daigle
5051,Ponderosa Twins + One
5053,The Real Thing
5054,Fireflies
5056,The Rugbys
5059,Thurl Ravenscroft
5061,Johnny Mathis 
5062,Olive
5063,Yazz
5064,Jussie Smollett 
5066,LaVern Baker 
5067,Az Yet
5068,Geils
5071,John Farnham
5072,Chris Crosby
5073,Joe Fagin
5076,Billie Ray Martin
5077,Jim Messina
5078,Kenny Loggins 
5080,The McCrarys
5081,Bad Wolves
